//! Spleen 8x16 glyph bitmaps, generated -- do not edit by hand.
//!
//! Source: Spleen 2.1.0, <https://www.cambus.net/spleen-monospaced-bitmap-fonts/>,
//! vendored verbatim at `crates/phux-record/assets/spleen-8x16.bdf`.
//! Copyright (c) 2018-2024, Frederic Cambus. Licensed BSD-2-Clause, whose
//! redistribution clause requires the copyright notice and disclaimer to travel
//! with both source and binary forms of phux; that notice lives verbatim at
//! `/LICENSE-SPLEEN` in the repository root. Do not delete that file, and do not
//! swap this face for an OFL-1.1 one -- OFL-1.1 is not on deny.toml's allow list.
//!
//! Regenerate with `scripts/gen-bitmap-font.py` after upgrading the .bdf. The
//! script is documentation of how this file came to be, never a build step:
//! this file is committed and compiled as ordinary Rust.
//!
//! One byte per pixel row, most significant bit at the leftmost of the eight
//! columns. 969 glyphs in 35 contiguous ranges.

#[rustfmt::skip]
static R_0020_007F: [[u8; 16]; 96] = [
    [0x00,0x00,0x00,0x00,0x00,0x00,0x00,0x00,0x00,0x00,0x00,0x00,0x00,0x00,0x00,0x00], // U+0020
    [0x00,0x00,0x18,0x18,0x18,0x18,0x18,0x18,0x18,0x00,0x18,0x18,0x00,0x00,0x00,0x00], // U+0021
    [0x00,0x66,0x66,0x66,0x66,0x00,0x00,0x00,0x00,0x00,0x00,0x00,0x00,0x00,0x00,0x00], // U+0022
    [0x00,0x00,0x6c,0x6c,0xfe,0x6c,0x6c,0x6c,0x6c,0xfe,0x6c,0x6c,0x00,0x00,0x00,0x00], // U+0023
    [0x00,0x10,0x7e,0xd0,0xd0,0xd0,0x7c,0x16,0x16,0x16,0x16,0xfc,0x10,0x00,0x00,0x00], // U+0024
    [0x00,0x00,0x06,0x66,0x6c,0x0c,0x18,0x18,0x30,0x36,0x66,0x60,0x00,0x00,0x00,0x00], // U+0025
    [0x00,0x00,0x38,0x6c,0x6c,0x6c,0x38,0x70,0xda,0xcc,0xcc,0x7a,0x00,0x00,0x00,0x00], // U+0026
    [0x00,0x18,0x18,0x18,0x18,0x00,0x00,0x00,0x00,0x00,0x00,0x00,0x00,0x00,0x00,0x00], // U+0027
    [0x00,0x0e,0x18,0x30,0x30,0x60,0x60,0x60,0x60,0x30,0x30,0x18,0x0e,0x00,0x00,0x00], // U+0028
    [0x00,0x70,0x18,0x0c,0x0c,0x06,0x06,0x06,0x06,0x0c,0x0c,0x18,0x70,0x00,0x00,0x00], // U+0029
    [0x00,0x00,0x00,0x00,0x66,0x3c,0x18,0xff,0x18,0x3c,0x66,0x00,0x00,0x00,0x00,0x00], // U+002A
    [0x00,0x00,0x00,0x00,0x00,0x18,0x18,0x7e,0x18,0x18,0x00,0x00,0x00,0x00,0x00,0x00], // U+002B
    [0x00,0x00,0x00,0x00,0x00,0x00,0x00,0x00,0x00,0x00,0x18,0x18,0x30,0x00,0x00,0x00], // U+002C
    [0x00,0x00,0x00,0x00,0x00,0x00,0x00,0x7e,0x00,0x00,0x00,0x00,0x00,0x00,0x00,0x00], // U+002D
    [0x00,0x00,0x00,0x00,0x00,0x00,0x00,0x00,0x00,0x00,0x18,0x18,0x00,0x00,0x00,0x00], // U+002E
    [0x00,0x06,0x06,0x0c,0x0c,0x18,0x18,0x30,0x30,0x60,0x60,0xc0,0xc0,0x00,0x00,0x00], // U+002F
    [0x00,0x00,0x7c,0xc6,0xc6,0xce,0xde,0xf6,0xe6,0xc6,0xc6,0x7c,0x00,0x00,0x00,0x00], // U+0030
    [0x00,0x00,0x18,0x38,0x78,0x58,0x18,0x18,0x18,0x18,0x18,0x7e,0x00,0x00,0x00,0x00], // U+0031
    [0x00,0x00,0x7c,0xc6,0x06,0x06,0x0c,0x18,0x30,0x60,0xc6,0xfe,0x00,0x00,0x00,0x00], // U+0032
    [0x00,0x00,0x7c,0xc6,0x06,0x06,0x3c,0x06,0x06,0x06,0xc6,0x7c,0x00,0x00,0x00,0x00], // U+0033
    [0x00,0x00,0xc0,0xc0,0xcc,0xcc,0xcc,0xcc,0xfe,0x0c,0x0c,0x0c,0x00,0x00,0x00,0x00], // U+0034
    [0x00,0x00,0xfe,0xc6,0xc0,0xc0,0xfc,0x06,0x06,0x06,0xc6,0x7c,0x00,0x00,0x00,0x00], // U+0035
    [0x00,0x00,0x7c,0xc6,0xc0,0xc0,0xfc,0xc6,0xc6,0xc6,0xc6,0x7c,0x00,0x00,0x00,0x00], // U+0036
    [0x00,0x00,0xfe,0xc6,0x06,0x06,0x0c,0x18,0x30,0x30,0x30,0x30,0x00,0x00,0x00,0x00], // U+0037
    [0x00,0x00,0x7c,0xc6,0xc6,0xc6,0x7c,0xc6,0xc6,0xc6,0xc6,0x7c,0x00,0x00,0x00,0x00], // U+0038
    [0x00,0x00,0x7c,0xc6,0xc6,0xc6,0xc6,0x7e,0x06,0x06,0xc6,0x7c,0x00,0x00,0x00,0x00], // U+0039
    [0x00,0x00,0x00,0x00,0x00,0x18,0x18,0x00,0x00,0x00,0x18,0x18,0x00,0x00,0x00,0x00], // U+003A
    [0x00,0x00,0x00,0x00,0x00,0x18,0x18,0x00,0x00,0x00,0x18,0x18,0x30,0x00,0x00,0x00], // U+003B
    [0x00,0x00,0x06,0x0c,0x18,0x30,0x60,0x60,0x30,0x18,0x0c,0x06,0x00,0x00,0x00,0x00], // U+003C
    [0x00,0x00,0x00,0x00,0x00,0x7e,0x00,0x00,0x7e,0x00,0x00,0x00,0x00,0x00,0x00,0x00], // U+003D
    [0x00,0x00,0x60,0x30,0x18,0x0c,0x06,0x06,0x0c,0x18,0x30,0x60,0x00,0x00,0x00,0x00], // U+003E
    [0x00,0x00,0x7c,0xc6,0x06,0x0c,0x18,0x30,0x30,0x00,0x30,0x30,0x00,0x00,0x00,0x00], // U+003F
    [0x00,0x00,0x00,0x7c,0xc2,0xda,0xda,0xda,0xda,0xde,0xc0,0x7c,0x00,0x00,0x00,0x00], // U+0040
    [0x00,0x00,0x7c,0xc6,0xc6,0xc6,0xfe,0xc6,0xc6,0xc6,0xc6,0xc6,0x00,0x00,0x00,0x00], // U+0041
    [0x00,0x00,0xfc,0xc6,0xc6,0xc6,0xfc,0xc6,0xc6,0xc6,0xc6,0xfc,0x00,0x00,0x00,0x00], // U+0042
    [0x00,0x00,0x7e,0xc0,0xc0,0xc0,0xc0,0xc0,0xc0,0xc0,0xc0,0x7e,0x00,0x00,0x00,0x00], // U+0043
    [0x00,0x00,0xfc,0xc6,0xc6,0xc6,0xc6,0xc6,0xc6,0xc6,0xc6,0xfc,0x00,0x00,0x00,0x00], // U+0044
    [0x00,0x00,0x7e,0xc0,0xc0,0xc0,0xf8,0xc0,0xc0,0xc0,0xc0,0x7e,0x00,0x00,0x00,0x00], // U+0045
    [0x00,0x00,0x7e,0xc0,0xc0,0xc0,0xf8,0xc0,0xc0,0xc0,0xc0,0xc0,0x00,0x00,0x00,0x00], // U+0046
    [0x00,0x00,0x7e,0xc0,0xc0,0xc0,0xde,0xc6,0xc6,0xc6,0xc6,0x7e,0x00,0x00,0x00,0x00], // U+0047
    [0x00,0x00,0xc6,0xc6,0xc6,0xc6,0xfe,0xc6,0xc6,0xc6,0xc6,0xc6,0x00,0x00,0x00,0x00], // U+0048
    [0x00,0x00,0x7e,0x18,0x18,0x18,0x18,0x18,0x18,0x18,0x18,0x7e,0x00,0x00,0x00,0x00], // U+0049
    [0x00,0x00,0x7e,0x18,0x18,0x18,0x18,0x18,0x18,0x18,0x18,0xf0,0x00,0x00,0x00,0x00], // U+004A
    [0x00,0x00,0xc6,0xc6,0xc6,0xcc,0xf8,0xcc,0xc6,0xc6,0xc6,0xc6,0x00,0x00,0x00,0x00], // U+004B
    [0x00,0x00,0xc0,0xc0,0xc0,0xc0,0xc0,0xc0,0xc0,0xc0,0xc0,0x7e,0x00,0x00,0x00,0x00], // U+004C
    [0x00,0x00,0xc6,0xee,0xfe,0xd6,0xc6,0xc6,0xc6,0xc6,0xc6,0xc6,0x00,0x00,0x00,0x00], // U+004D
    [0x00,0x00,0xc6,0xc6,0xe6,0xe6,0xd6,0xd6,0xce,0xce,0xc6,0xc6,0x00,0x00,0x00,0x00], // U+004E
    [0x00,0x00,0x7c,0xc6,0xc6,0xc6,0xc6,0xc6,0xc6,0xc6,0xc6,0x7c,0x00,0x00,0x00,0x00], // U+004F
    [0x00,0x00,0xfc,0xc6,0xc6,0xc6,0xfc,0xc0,0xc0,0xc0,0xc0,0xc0,0x00,0x00,0x00,0x00], // U+0050
    [0x00,0x00,0x7c,0xc6,0xc6,0xc6,0xc6,0xc6,0xc6,0xd6,0xd6,0x7c,0x18,0x0c,0x00,0x00], // U+0051
    [0x00,0x00,0xfc,0xc6,0xc6,0xc6,0xfc,0xc6,0xc6,0xc6,0xc6,0xc6,0x00,0x00,0x00,0x00], // U+0052
    [0x00,0x00,0x7e,0xc0,0xc0,0xc0,0x7c,0x06,0x06,0x06,0x06,0xfc,0x00,0x00,0x00,0x00], // U+0053
    [0x00,0x00,0xff,0x18,0x18,0x18,0x18,0x18,0x18,0x18,0x18,0x18,0x00,0x00,0x00,0x00], // U+0054
    [0x00,0x00,0xc6,0xc6,0xc6,0xc6,0xc6,0xc6,0xc6,0xc6,0xc6,0x7e,0x00,0x00,0x00,0x00], // U+0055
    [0x00,0x00,0xc6,0xc6,0xc6,0xc6,0xc6,0xc6,0xc6,0x6c,0x38,0x10,0x00,0x00,0x00,0x00], // U+0056
    [0x00,0x00,0xc6,0xc6,0xc6,0xc6,0xc6,0xc6,0xd6,0xfe,0xee,0xc6,0x00,0x00,0x00,0x00], // U+0057
    [0x00,0x00,0xc6,0xc6,0xc6,0x6c,0x38,0x6c,0xc6,0xc6,0xc6,0xc6,0x00,0x00,0x00,0x00], // U+0058
    [0x00,0x00,0xc6,0xc6,0xc6,0xc6,0x7e,0x06,0x06,0x06,0x06,0xfc,0x00,0x00,0x00,0x00], // U+0059
    [0x00,0x00,0xfe,0x06,0x06,0x0c,0x18,0x30,0x60,0xc0,0xc0,0xfe,0x00,0x00,0x00,0x00], // U+005A
    [0x00,0x3e,0x30,0x30,0x30,0x30,0x30,0x30,0x30,0x30,0x30,0x30,0x3e,0x00,0x00,0x00], // U+005B
    [0x00,0xc0,0xc0,0x60,0x60,0x30,0x30,0x18,0x18,0x0c,0x0c,0x06,0x06,0x00,0x00,0x00], // U+005C
    [0x00,0x7c,0x0c,0x0c,0x0c,0x0c,0x0c,0x0c,0x0c,0x0c,0x0c,0x0c,0x7c,0x00,0x00,0x00], // U+005D
    [0x00,0x10,0x38,0x6c,0xc6,0x00,0x00,0x00,0x00,0x00,0x00,0x00,0x00,0x00,0x00,0x00], // U+005E
    [0x00,0x00,0x00,0x00,0x00,0x00,0x00,0x00,0x00,0x00,0x00,0x00,0x00,0x00,0xfe,0x00], // U+005F
    [0x00,0x30,0x18,0x0c,0x00,0x00,0x00,0x00,0x00,0x00,0x00,0x00,0x00,0x00,0x00,0x00], // U+0060
    [0x00,0x00,0x00,0x00,0x00,0x7c,0x06,0x7e,0xc6,0xc6,0xc6,0x7e,0x00,0x00,0x00,0x00], // U+0061
    [0x00,0x00,0xc0,0xc0,0xc0,0xfc,0xc6,0xc6,0xc6,0xc6,0xc6,0xfc,0x00,0x00,0x00,0x00], // U+0062
    [0x00,0x00,0x00,0x00,0x00,0x7e,0xc0,0xc0,0xc0,0xc0,0xc0,0x7e,0x00,0x00,0x00,0x00], // U+0063
    [0x00,0x00,0x06,0x06,0x06,0x7e,0xc6,0xc6,0xc6,0xc6,0xc6,0x7e,0x00,0x00,0x00,0x00], // U+0064
    [0x00,0x00,0x00,0x00,0x00,0x7e,0xc6,0xc6,0xfe,0xc0,0xc0,0x7e,0x00,0x00,0x00,0x00], // U+0065
    [0x00,0x00,0x1e,0x30,0x30,0x30,0x7c,0x30,0x30,0x30,0x30,0x30,0x00,0x00,0x00,0x00], // U+0066
    [0x00,0x00,0x00,0x00,0x00,0x7e,0xc6,0xc6,0xc6,0xc6,0xc6,0x7c,0x06,0x06,0xfc,0x00], // U+0067
    [0x00,0x00,0xc0,0xc0,0xc0,0xfc,0xc6,0xc6,0xc6,0xc6,0xc6,0xc6,0x00,0x00,0x00,0x00], // U+0068
    [0x00,0x00,0x18,0x18,0x00,0x38,0x18,0x18,0x18,0x18,0x18,0x1c,0x00,0x00,0x00,0x00], // U+0069
    [0x00,0x00,0x18,0x18,0x00,0x18,0x18,0x18,0x18,0x18,0x18,0x18,0x18,0x18,0x70,0x00], // U+006A
    [0x00,0x00,0xc0,0xc0,0xc0,0xcc,0xd8,0xf0,0xf0,0xd8,0xcc,0xc6,0x00,0x00,0x00,0x00], // U+006B
    [0x00,0x00,0x30,0x30,0x30,0x30,0x30,0x30,0x30,0x30,0x30,0x1c,0x00,0x00,0x00,0x00], // U+006C
    [0x00,0x00,0x00,0x00,0x00,0xec,0xd6,0xd6,0xd6,0xd6,0xc6,0xc6,0x00,0x00,0x00,0x00], // U+006D
    [0x00,0x00,0x00,0x00,0x00,0xfc,0xc6,0xc6,0xc6,0xc6,0xc6,0xc6,0x00,0x00,0x00,0x00], // U+006E
    [0x00,0x00,0x00,0x00,0x00,0x7c,0xc6,0xc6,0xc6,0xc6,0xc6,0x7c,0x00,0x00,0x00,0x00], // U+006F
    [0x00,0x00,0x00,0x00,0x00,0xfc,0xc6,0xc6,0xc6,0xc6,0xc6,0xfc,0xc0,0xc0,0xc0,0x00], // U+0070
    [0x00,0x00,0x00,0x00,0x00,0x7e,0xc6,0xc6,0xc6,0xc6,0xc6,0x7e,0x06,0x06,0x06,0x00], // U+0071
    [0x00,0x00,0x00,0x00,0x00,0x7e,0xc6,0xc0,0xc0,0xc0,0xc0,0xc0,0x00,0x00,0x00,0x00], // U+0072
    [0x00,0x00,0x00,0x00,0x00,0x7e,0xc0,0xc0,0x7c,0x06,0x06,0xfc,0x00,0x00,0x00,0x00], // U+0073
    [0x00,0x00,0x30,0x30,0x30,0x7c,0x30,0x30,0x30,0x30,0x30,0x1e,0x00,0x00,0x00,0x00], // U+0074
    [0x00,0x00,0x00,0x00,0x00,0xc6,0xc6,0xc6,0xc6,0xc6,0xc6,0x7e,0x00,0x00,0x00,0x00], // U+0075
    [0x00,0x00,0x00,0x00,0x00,0xc6,0xc6,0xc6,0xc6,0x6c,0x38,0x10,0x00,0x00,0x00,0x00], // U+0076
    [0x00,0x00,0x00,0x00,0x00,0xc6,0xc6,0xd6,0xd6,0xd6,0xd6,0x6e,0x00,0x00,0x00,0x00], // U+0077
    [0x00,0x00,0x00,0x00,0x00,0xc6,0x6c,0x38,0x38,0x6c,0xc6,0xc6,0x00,0x00,0x00,0x00], // U+0078
    [0x00,0x00,0x00,0x00,0x00,0xc6,0xc6,0xc6,0xc6,0xc6,0xc6,0x7e,0x06,0x06,0xfc,0x00], // U+0079
    [0x00,0x00,0x00,0x00,0x00,0xfe,0x06,0x0c,0x18,0x30,0x60,0xfe,0x00,0x00,0x00,0x00], // U+007A
    [0x00,0x0e,0x18,0x18,0x18,0x18,0x70,0x70,0x18,0x18,0x18,0x18,0x0e,0x00,0x00,0x00], // U+007B
    [0x00,0x18,0x18,0x18,0x18,0x18,0x18,0x18,0x18,0x18,0x18,0x18,0x18,0x00,0x00,0x00], // U+007C
    [0x00,0x70,0x18,0x18,0x18,0x18,0x0e,0x0e,0x18,0x18,0x18,0x18,0x70,0x00,0x00,0x00], // U+007D
    [0x00,0x00,0x00,0x00,0x00,0x00,0x32,0x7e,0x4c,0x00,0x00,0x00,0x00,0x00,0x00,0x00], // U+007E
    [0x00,0x00,0x00,0x00,0x00,0x00,0x00,0x00,0x00,0x00,0x00,0x00,0x00,0x00,0x00,0x00], // U+007F
];

#[rustfmt::skip]
static R_00A0_017F: [[u8; 16]; 224] = [
    [0x00,0x00,0x00,0x00,0x00,0x00,0x00,0x00,0x00,0x00,0x00,0x00,0x00,0x00,0x00,0x00], // U+00A0
    [0x00,0x00,0x18,0x18,0x00,0x18,0x18,0x18,0x18,0x18,0x18,0x18,0x00,0x00,0x00,0x00], // U+00A1
    [0x00,0x00,0x00,0x00,0x08,0x7e,0xc8,0xc8,0xc8,0xc8,0xc8,0x7e,0x08,0x00,0x00,0x00], // U+00A2
    [0x00,0x00,0x38,0x6c,0x60,0x60,0x60,0xf8,0x60,0x60,0xc0,0xfe,0x00,0x00,0x00,0x00], // U+00A3
    [0x00,0x00,0x00,0x00,0x00,0x66,0x3c,0x66,0x66,0x66,0x3c,0x66,0x00,0x00,0x00,0x00], // U+00A4
    [0x00,0x00,0xc3,0xc3,0x66,0x3c,0x18,0x3c,0x18,0x3c,0x18,0x18,0x00,0x00,0x00,0x00], // U+00A5
    [0x00,0x00,0x18,0x18,0x18,0x18,0x18,0x00,0x00,0x18,0x18,0x18,0x18,0x18,0x00,0x00], // U+00A6
    [0x00,0x3c,0x66,0x60,0x30,0x3c,0x66,0x66,0x66,0x66,0x3c,0x0c,0x06,0x66,0x3c,0x00], // U+00A7
    [0x00,0x00,0x6c,0x6c,0x00,0x00,0x00,0x00,0x00,0x00,0x00,0x00,0x00,0x00,0x00,0x00], // U+00A8
    [0x00,0x00,0x00,0x7c,0x82,0x9a,0xa2,0xa2,0xa2,0x9a,0x82,0x7c,0x00,0x00,0x00,0x00], // U+00A9
    [0x00,0x38,0x0c,0x3c,0x4c,0x3c,0x00,0x7c,0x00,0x00,0x00,0x00,0x00,0x00,0x00,0x00], // U+00AA
    [0x00,0x00,0x00,0x00,0x00,0x00,0x33,0x66,0xcc,0x66,0x33,0x00,0x00,0x00,0x00,0x00], // U+00AB
    [0x00,0x00,0x00,0x00,0x00,0x00,0xfe,0x06,0x06,0x06,0x00,0x00,0x00,0x00,0x00,0x00], // U+00AC
    [0x00,0x00,0x00,0x00,0x00,0x00,0x00,0x00,0x3c,0x00,0x00,0x00,0x00,0x00,0x00,0x00], // U+00AD
    [0x00,0x00,0x00,0x7c,0x82,0xba,0xaa,0xb2,0xaa,0xaa,0x82,0x7c,0x00,0x00,0x00,0x00], // U+00AE
    [0x00,0x7c,0x00,0x00,0x00,0x00,0x00,0x00,0x00,0x00,0x00,0x00,0x00,0x00,0x00,0x00], // U+00AF
    [0x00,0x38,0x6c,0x6c,0x38,0x00,0x00,0x00,0x00,0x00,0x00,0x00,0x00,0x00,0x00,0x00], // U+00B0
    [0x00,0x00,0x00,0x00,0x00,0x18,0x18,0x7e,0x18,0x18,0x00,0x7e,0x00,0x00,0x00,0x00], // U+00B1
    [0x00,0x38,0x4c,0x0c,0x38,0x60,0x7c,0x00,0x00,0x00,0x00,0x00,0x00,0x00,0x00,0x00], // U+00B2
    [0x00,0x1c,0x26,0x0c,0x06,0x26,0x1c,0x00,0x00,0x00,0x00,0x00,0x00,0x00,0x00,0x00], // U+00B3
    [0x00,0x0c,0x18,0x30,0x00,0x00,0x00,0x00,0x00,0x00,0x00,0x00,0x00,0x00,0x00,0x00], // U+00B4
    [0x00,0x00,0x00,0x00,0x00,0xcc,0xcc,0xcc,0xcc,0xcc,0xcc,0xf6,0xc0,0xc0,0xc0,0x00], // U+00B5
    [0x00,0x00,0x7e,0xd6,0xd6,0xd6,0x76,0x16,0x16,0x16,0x16,0x16,0x00,0x00,0x00,0x00], // U+00B6
    [0x00,0x00,0x00,0x00,0x00,0x00,0x00,0x18,0x18,0x00,0x00,0x00,0x00,0x00,0x00,0x00], // U+00B7
    [0x00,0x00,0x00,0x00,0x00,0x00,0x00,0x00,0x00,0x00,0x00,0x00,0x18,0x18,0x30,0x00], // U+00B8
    [0x00,0x18,0x38,0x18,0x18,0x18,0x3c,0x00,0x00,0x00,0x00,0x00,0x00,0x00,0x00,0x00], // U+00B9
    [0x00,0x38,0x6c,0x6c,0x38,0x00,0x00,0x7c,0x00,0x00,0x00,0x00,0x00,0x00,0x00,0x00], // U+00BA
    [0x00,0x00,0x00,0x00,0x00,0x00,0xcc,0x66,0x33,0x66,0xcc,0x00,0x00,0x00,0x00,0x00], // U+00BB
    [0x00,0x40,0xc0,0x40,0x42,0x46,0xec,0x18,0x30,0x70,0xd4,0x94,0x1e,0x04,0x04,0x00], // U+00BC
    [0x00,0x40,0xc0,0x40,0x42,0x46,0xec,0x18,0x30,0x6c,0xd2,0x82,0x0c,0x10,0x1e,0x00], // U+00BD
    [0x00,0x60,0x90,0x20,0x12,0x96,0x6c,0x18,0x30,0x70,0xd4,0x94,0x1e,0x04,0x04,0x00], // U+00BE
    [0x00,0x00,0x18,0x18,0x00,0x18,0x18,0x30,0x60,0xc0,0xc6,0x7c,0x00,0x00,0x00,0x00], // U+00BF
    [0x30,0x18,0x00,0x7c,0xc6,0xc6,0xc6,0xfe,0xc6,0xc6,0xc6,0xc6,0x00,0x00,0x00,0x00], // U+00C0
    [0x18,0x30,0x00,0x7c,0xc6,0xc6,0xc6,0xfe,0xc6,0xc6,0xc6,0xc6,0x00,0x00,0x00,0x00], // U+00C1
    [0x38,0x6c,0x00,0x7c,0xc6,0xc6,0xc6,0xfe,0xc6,0xc6,0xc6,0xc6,0x00,0x00,0x00,0x00], // U+00C2
    [0x32,0x4c,0x00,0x7c,0xc6,0xc6,0xc6,0xfe,0xc6,0xc6,0xc6,0xc6,0x00,0x00,0x00,0x00], // U+00C3
    [0x6c,0x6c,0x00,0x7c,0xc6,0xc6,0xc6,0xfe,0xc6,0xc6,0xc6,0xc6,0x00,0x00,0x00,0x00], // U+00C4
    [0x38,0x6c,0x38,0x7c,0xc6,0xc6,0xc6,0xfe,0xc6,0xc6,0xc6,0xc6,0x00,0x00,0x00,0x00], // U+00C5
    [0x00,0x00,0x7e,0xd8,0xd8,0xd8,0xfe,0xd8,0xd8,0xd8,0xd8,0xde,0x00,0x00,0x00,0x00], // U+00C6
    [0x00,0x00,0x7e,0xc0,0xc0,0xc0,0xc0,0xc0,0xc0,0xc0,0xc0,0x7e,0x18,0x18,0x30,0x00], // U+00C7
    [0x30,0x18,0x00,0x7e,0xc0,0xc0,0xc0,0xf8,0xc0,0xc0,0xc0,0x7e,0x00,0x00,0x00,0x00], // U+00C8
    [0x18,0x30,0x00,0x7e,0xc0,0xc0,0xc0,0xf8,0xc0,0xc0,0xc0,0x7e,0x00,0x00,0x00,0x00], // U+00C9
    [0x38,0x6c,0x00,0x7e,0xc0,0xc0,0xc0,0xf8,0xc0,0xc0,0xc0,0x7e,0x00,0x00,0x00,0x00], // U+00CA
    [0x6c,0x6c,0x00,0x7e,0xc0,0xc0,0xc0,0xf8,0xc0,0xc0,0xc0,0x7e,0x00,0x00,0x00,0x00], // U+00CB
    [0x30,0x18,0x00,0x7e,0x18,0x18,0x18,0x18,0x18,0x18,0x18,0x7e,0x00,0x00,0x00,0x00], // U+00CC
    [0x0c,0x18,0x00,0x7e,0x18,0x18,0x18,0x18,0x18,0x18,0x18,0x7e,0x00,0x00,0x00,0x00], // U+00CD
    [0x38,0x6c,0x00,0x7e,0x18,0x18,0x18,0x18,0x18,0x18,0x18,0x7e,0x00,0x00,0x00,0x00], // U+00CE
    [0x66,0x66,0x00,0x7e,0x18,0x18,0x18,0x18,0x18,0x18,0x18,0x7e,0x00,0x00,0x00,0x00], // U+00CF
    [0x00,0x00,0x7c,0x66,0x66,0x66,0xf6,0x66,0x66,0x66,0x66,0x7c,0x00,0x00,0x00,0x00], // U+00D0
    [0x32,0x4c,0x00,0xc6,0xe6,0xe6,0xd6,0xd6,0xce,0xce,0xc6,0xc6,0x00,0x00,0x00,0x00], // U+00D1
    [0x30,0x18,0x00,0x7c,0xc6,0xc6,0xc6,0xc6,0xc6,0xc6,0xc6,0x7c,0x00,0x00,0x00,0x00], // U+00D2
    [0x18,0x30,0x00,0x7c,0xc6,0xc6,0xc6,0xc6,0xc6,0xc6,0xc6,0x7c,0x00,0x00,0x00,0x00], // U+00D3
    [0x38,0x6c,0x00,0x7c,0xc6,0xc6,0xc6,0xc6,0xc6,0xc6,0xc6,0x7c,0x00,0x00,0x00,0x00], // U+00D4
    [0x32,0x4c,0x00,0x7c,0xc6,0xc6,0xc6,0xc6,0xc6,0xc6,0xc6,0x7c,0x00,0x00,0x00,0x00], // U+00D5
    [0x6c,0x6c,0x00,0x7c,0xc6,0xc6,0xc6,0xc6,0xc6,0xc6,0xc6,0x7c,0x00,0x00,0x00,0x00], // U+00D6
    [0x00,0x00,0x00,0x00,0x00,0xc6,0x6c,0x38,0x38,0x6c,0xc6,0x00,0x00,0x00,0x00,0x00], // U+00D7
    [0x00,0x02,0x7c,0xc6,0xce,0xce,0xd6,0xd6,0xe6,0xe6,0xc6,0x7c,0x80,0x00,0x00,0x00], // U+00D8
    [0x30,0x18,0x00,0xc6,0xc6,0xc6,0xc6,0xc6,0xc6,0xc6,0xc6,0x7e,0x00,0x00,0x00,0x00], // U+00D9
    [0x18,0x30,0x00,0xc6,0xc6,0xc6,0xc6,0xc6,0xc6,0xc6,0xc6,0x7e,0x00,0x00,0x00,0x00], // U+00DA
    [0x38,0x6c,0x00,0xc6,0xc6,0xc6,0xc6,0xc6,0xc6,0xc6,0xc6,0x7e,0x00,0x00,0x00,0x00], // U+00DB
    [0x6c,0x6c,0x00,0xc6,0xc6,0xc6,0xc6,0xc6,0xc6,0xc6,0xc6,0x7e,0x00,0x00,0x00,0x00], // U+00DC
    [0x18,0x30,0x00,0xc6,0xc6,0xc6,0xc6,0x7e,0x06,0x06,0x06,0xfc,0x00,0x00,0x00,0x00], // U+00DD
    [0x00,0x00,0x00,0xc0,0xc0,0xfc,0xc6,0xc6,0xc6,0xc6,0xc6,0xfc,0xc0,0xc0,0x00,0x00], // U+00DE
    [0x00,0x00,0x78,0xcc,0xcc,0xcc,0xd8,0xcc,0xc6,0xc6,0xd6,0xdc,0x00,0x00,0x00,0x00], // U+00DF
    [0x00,0x60,0x30,0x18,0x00,0x7c,0x06,0x7e,0xc6,0xc6,0xc6,0x7e,0x00,0x00,0x00,0x00], // U+00E0
    [0x00,0x0c,0x18,0x30,0x00,0x7c,0x06,0x7e,0xc6,0xc6,0xc6,0x7e,0x00,0x00,0x00,0x00], // U+00E1
    [0x00,0x10,0x38,0x6c,0x00,0x7c,0x06,0x7e,0xc6,0xc6,0xc6,0x7e,0x00,0x00,0x00,0x00], // U+00E2
    [0x00,0x32,0x7e,0x4c,0x00,0x7c,0x06,0x7e,0xc6,0xc6,0xc6,0x7e,0x00,0x00,0x00,0x00], // U+00E3
    [0x00,0x00,0x6c,0x6c,0x00,0x7c,0x06,0x7e,0xc6,0xc6,0xc6,0x7e,0x00,0x00,0x00,0x00], // U+00E4
    [0x00,0x38,0x6c,0x38,0x00,0x7c,0x06,0x7e,0xc6,0xc6,0xc6,0x7e,0x00,0x00,0x00,0x00], // U+00E5
    [0x00,0x00,0x00,0x00,0x00,0x6e,0x16,0x16,0x7e,0xd0,0xd0,0x6e,0x00,0x00,0x00,0x00], // U+00E6
    [0x00,0x00,0x00,0x00,0x00,0x7e,0xc0,0xc0,0xc0,0xc0,0xc0,0x7e,0x18,0x18,0x30,0x00], // U+00E7
    [0x00,0x60,0x30,0x18,0x00,0x7e,0xc6,0xc6,0xfe,0xc0,0xc0,0x7e,0x00,0x00,0x00,0x00], // U+00E8
    [0x00,0x0c,0x18,0x30,0x00,0x7e,0xc6,0xc6,0xfe,0xc0,0xc0,0x7e,0x00,0x00,0x00,0x00], // U+00E9
    [0x00,0x10,0x38,0x6c,0x00,0x7e,0xc6,0xc6,0xfe,0xc0,0xc0,0x7e,0x00,0x00,0x00,0x00], // U+00EA
    [0x00,0x00,0x6c,0x6c,0x00,0x7e,0xc6,0xc6,0xfe,0xc0,0xc0,0x7e,0x00,0x00,0x00,0x00], // U+00EB
    [0x00,0x30,0x18,0x0c,0x00,0x38,0x18,0x18,0x18,0x18,0x18,0x1c,0x00,0x00,0x00,0x00], // U+00EC
    [0x00,0x0c,0x18,0x30,0x00,0x38,0x18,0x18,0x18,0x18,0x18,0x1c,0x00,0x00,0x00,0x00], // U+00ED
    [0x00,0x18,0x3c,0x66,0x00,0x38,0x18,0x18,0x18,0x18,0x18,0x1c,0x00,0x00,0x00,0x00], // U+00EE
    [0x00,0x00,0x66,0x66,0x00,0x38,0x18,0x18,0x18,0x18,0x18,0x1c,0x00,0x00,0x00,0x00], // U+00EF
    [0x00,0xd8,0x70,0xd8,0x0c,0x7c,0xc6,0xc6,0xc6,0xc6,0xc6,0x7c,0x00,0x00,0x00,0x00], // U+00F0
    [0x00,0x32,0x7e,0x4c,0x00,0xfc,0xc6,0xc6,0xc6,0xc6,0xc6,0xc6,0x00,0x00,0x00,0x00], // U+00F1
    [0x00,0x60,0x30,0x18,0x00,0x7c,0xc6,0xc6,0xc6,0xc6,0xc6,0x7c,0x00,0x00,0x00,0x00], // U+00F2
    [0x00,0x0c,0x18,0x30,0x00,0x7c,0xc6,0xc6,0xc6,0xc6,0xc6,0x7c,0x00,0x00,0x00,0x00], // U+00F3
    [0x00,0x10,0x38,0x6c,0x00,0x7c,0xc6,0xc6,0xc6,0xc6,0xc6,0x7c,0x00,0x00,0x00,0x00], // U+00F4
    [0x00,0x32,0x7e,0x4c,0x00,0x7c,0xc6,0xc6,0xc6,0xc6,0xc6,0x7c,0x00,0x00,0x00,0x00], // U+00F5
    [0x00,0x00,0x6c,0x6c,0x00,0x7c,0xc6,0xc6,0xc6,0xc6,0xc6,0x7c,0x00,0x00,0x00,0x00], // U+00F6
    [0x00,0x00,0x00,0x00,0x18,0x18,0x00,0x7e,0x00,0x18,0x18,0x00,0x00,0x00,0x00,0x00], // U+00F7
    [0x00,0x00,0x00,0x00,0x02,0x7c,0xc6,0xce,0xd6,0xe6,0xc6,0x7c,0x80,0x00,0x00,0x00], // U+00F8
    [0x00,0x60,0x30,0x18,0x00,0xc6,0xc6,0xc6,0xc6,0xc6,0xc6,0x7e,0x00,0x00,0x00,0x00], // U+00F9
    [0x00,0x0c,0x18,0x30,0x00,0xc6,0xc6,0xc6,0xc6,0xc6,0xc6,0x7e,0x00,0x00,0x00,0x00], // U+00FA
    [0x00,0x10,0x38,0x6c,0x00,0xc6,0xc6,0xc6,0xc6,0xc6,0xc6,0x7e,0x00,0x00,0x00,0x00], // U+00FB
    [0x00,0x00,0x6c,0x6c,0x00,0xc6,0xc6,0xc6,0xc6,0xc6,0xc6,0x7e,0x00,0x00,0x00,0x00], // U+00FC
    [0x00,0x0c,0x18,0x30,0x00,0xc6,0xc6,0xc6,0xc6,0xc6,0xc6,0x7e,0x06,0x06,0xfc,0x00], // U+00FD
    [0x00,0x00,0xc0,0xc0,0xc0,0xfc,0xc6,0xc6,0xc6,0xc6,0xc6,0xfc,0xc0,0xc0,0xc0,0x00], // U+00FE
    [0x00,0x00,0x6c,0x6c,0x00,0xc6,0xc6,0xc6,0xc6,0xc6,0xc6,0x7e,0x06,0x06,0xfc,0x00], // U+00FF
    [0x00,0x7c,0x00,0x7c,0xc6,0xc6,0xc6,0xfe,0xc6,0xc6,0xc6,0xc6,0x00,0x00,0x00,0x00], // U+0100
    [0x00,0x00,0x00,0x7c,0x00,0x7c,0x06,0x7e,0xc6,0xc6,0xc6,0x7e,0x00,0x00,0x00,0x00], // U+0101
    [0x6c,0x38,0x00,0x7c,0xc6,0xc6,0xc6,0xfe,0xc6,0xc6,0xc6,0xc6,0x00,0x00,0x00,0x00], // U+0102
    [0x00,0x6c,0x6c,0x38,0x00,0x7c,0x06,0x7e,0xc6,0xc6,0xc6,0x7e,0x00,0x00,0x00,0x00], // U+0103
    [0x00,0x00,0x7c,0xc6,0xc6,0xc6,0xfe,0xc6,0xc6,0xc6,0xc6,0xc6,0x0c,0x08,0x06,0x00], // U+0104
    [0x00,0x00,0x00,0x00,0x00,0x7c,0x06,0x7e,0xc6,0xc6,0xc6,0x7e,0x0c,0x08,0x06,0x00], // U+0105
    [0x18,0x30,0x00,0x7e,0xc0,0xc0,0xc0,0xc0,0xc0,0xc0,0xc0,0x7e,0x00,0x00,0x00,0x00], // U+0106
    [0x00,0x0c,0x18,0x30,0x00,0x7e,0xc0,0xc0,0xc0,0xc0,0xc0,0x7e,0x00,0x00,0x00,0x00], // U+0107
    [0x38,0x6c,0x00,0x7e,0xc0,0xc0,0xc0,0xc0,0xc0,0xc0,0xc0,0x7e,0x00,0x00,0x00,0x00], // U+0108
    [0x00,0x10,0x38,0x6c,0x00,0x7e,0xc0,0xc0,0xc0,0xc0,0xc0,0x7e,0x00,0x00,0x00,0x00], // U+0109
    [0x18,0x18,0x00,0x7e,0xc0,0xc0,0xc0,0xc0,0xc0,0xc0,0xc0,0x7e,0x00,0x00,0x00,0x00], // U+010A
    [0x00,0x00,0x18,0x18,0x00,0x7e,0xc0,0xc0,0xc0,0xc0,0xc0,0x7e,0x00,0x00,0x00,0x00], // U+010B
    [0x6c,0x38,0x10,0x7e,0xc0,0xc0,0xc0,0xc0,0xc0,0xc0,0xc0,0x7e,0x00,0x00,0x00,0x00], // U+010C
    [0x00,0x6c,0x38,0x10,0x00,0x7e,0xc0,0xc0,0xc0,0xc0,0xc0,0x7e,0x00,0x00,0x00,0x00], // U+010D
    [0x6c,0x38,0x10,0xfc,0xc6,0xc6,0xc6,0xc6,0xc6,0xc6,0xc6,0xfc,0x00,0x00,0x00,0x00], // U+010E
    [0x6c,0x38,0x16,0x06,0x06,0x7e,0xc6,0xc6,0xc6,0xc6,0xc6,0x7e,0x00,0x00,0x00,0x00], // U+010F
    [0x00,0x00,0x7c,0x66,0x66,0x66,0xf6,0x66,0x66,0x66,0x66,0x7c,0x00,0x00,0x00,0x00], // U+0110
    [0x00,0x00,0x06,0x1f,0x06,0x7e,0xc6,0xc6,0xc6,0xc6,0xc6,0x7e,0x00,0x00,0x00,0x00], // U+0111
    [0x00,0x7c,0x00,0x7e,0xc0,0xc0,0xc0,0xf8,0xc0,0xc0,0xc0,0x7e,0x00,0x00,0x00,0x00], // U+0112
    [0x00,0x00,0x00,0x7c,0x00,0x7e,0xc6,0xc6,0xfe,0xc0,0xc0,0x7e,0x00,0x00,0x00,0x00], // U+0113
    [0x6c,0x38,0x00,0x7e,0xc0,0xc0,0xc0,0xf8,0xc0,0xc0,0xc0,0x7e,0x00,0x00,0x00,0x00], // U+0114
    [0x00,0x6c,0x6c,0x38,0x00,0x7e,0xc6,0xc6,0xfe,0xc0,0xc0,0x7e,0x00,0x00,0x00,0x00], // U+0115
    [0x18,0x18,0x00,0x7e,0xc0,0xc0,0xc0,0xf8,0xc0,0xc0,0xc0,0x7e,0x00,0x00,0x00,0x00], // U+0116
    [0x00,0x00,0x18,0x18,0x00,0x7e,0xc6,0xc6,0xfe,0xc0,0xc0,0x7e,0x00,0x00,0x00,0x00], // U+0117
    [0x00,0x00,0x7e,0xc0,0xc0,0xc0,0xf8,0xc0,0xc0,0xc0,0xc0,0x7e,0x0c,0x08,0x06,0x00], // U+0118
    [0x00,0x00,0x00,0x00,0x00,0x7e,0xc6,0xc6,0xfe,0xc0,0xc0,0x7e,0x0c,0x08,0x06,0x00], // U+0119
    [0x6c,0x38,0x10,0x7e,0xc0,0xc0,0xc0,0xf8,0xc0,0xc0,0xc0,0x7e,0x00,0x00,0x00,0x00], // U+011A
    [0x00,0x6c,0x38,0x10,0x00,0x7e,0xc6,0xc6,0xfe,0xc0,0xc0,0x7e,0x00,0x00,0x00,0x00], // U+011B
    [0x38,0x6c,0x00,0x7e,0xc0,0xc0,0xc0,0xde,0xc6,0xc6,0xc6,0x7e,0x00,0x00,0x00,0x00], // U+011C
    [0x00,0x10,0x38,0x6c,0x00,0x7e,0xc6,0xc6,0xc6,0xc6,0xc6,0x7c,0x06,0x06,0xfc,0x00], // U+011D
    [0x6c,0x38,0x00,0x7e,0xc0,0xc0,0xc0,0xde,0xc6,0xc6,0xc6,0x7e,0x00,0x00,0x00,0x00], // U+011E
    [0x00,0x6c,0x6c,0x38,0x00,0x7e,0xc6,0xc6,0xc6,0xc6,0xc6,0x7c,0x06,0x06,0xfc,0x00], // U+011F
    [0x18,0x18,0x00,0x7e,0xc0,0xc0,0xc0,0xde,0xc6,0xc6,0xc6,0x7e,0x00,0x00,0x00,0x00], // U+0120
    [0x00,0x00,0x18,0x18,0x00,0x7e,0xc6,0xc6,0xc6,0xc6,0xc6,0x7c,0x06,0x06,0xfc,0x00], // U+0121
    [0x00,0x00,0x7e,0xc0,0xc0,0xc0,0xde,0xc6,0xc6,0xc6,0xc6,0x7e,0x18,0x18,0x30,0x00], // U+0122
    [0x00,0x18,0x18,0x30,0x00,0x7e,0xc6,0xc6,0xc6,0xc6,0xc6,0x7c,0x06,0x06,0xfc,0x00], // U+0123
    [0x38,0x6c,0x00,0xc6,0xc6,0xc6,0xc6,0xfe,0xc6,0xc6,0xc6,0xc6,0x00,0x00,0x00,0x00], // U+0124
    [0x38,0x6c,0x00,0xc0,0xc0,0xc0,0xfc,0xc6,0xc6,0xc6,0xc6,0xc6,0x00,0x00,0x00,0x00], // U+0125
    [0x00,0x00,0xc6,0xff,0xc6,0xc6,0xfe,0xc6,0xc6,0xc6,0xc6,0xc6,0x00,0x00,0x00,0x00], // U+0126
    [0x00,0x00,0xc0,0xf0,0xc0,0xfc,0xc6,0xc6,0xc6,0xc6,0xc6,0xc6,0x00,0x00,0x00,0x00], // U+0127
    [0x32,0x4c,0x00,0x7e,0x18,0x18,0x18,0x18,0x18,0x18,0x18,0x7e,0x00,0x00,0x00,0x00], // U+0128
    [0x00,0x32,0x7e,0x4c,0x00,0x38,0x18,0x18,0x18,0x18,0x18,0x1c,0x00,0x00,0x00,0x00], // U+0129
    [0x00,0x7e,0x00,0x7e,0x18,0x18,0x18,0x18,0x18,0x18,0x18,0x7e,0x00,0x00,0x00,0x00], // U+012A
    [0x00,0x00,0x00,0x7e,0x00,0x38,0x18,0x18,0x18,0x18,0x18,0x1c,0x00,0x00,0x00,0x00], // U+012B
    [0x66,0x3c,0x00,0x7e,0x18,0x18,0x18,0x18,0x18,0x18,0x18,0x7e,0x00,0x00,0x00,0x00], // U+012C
    [0x00,0x66,0x66,0x3c,0x00,0x38,0x18,0x18,0x18,0x18,0x18,0x1c,0x00,0x00,0x00,0x00], // U+012D
    [0x00,0x00,0x7e,0x18,0x18,0x18,0x18,0x18,0x18,0x18,0x18,0x7e,0x0c,0x08,0x06,0x00], // U+012E
    [0x00,0x00,0x18,0x18,0x00,0x38,0x18,0x18,0x18,0x18,0x18,0x1c,0x0c,0x08,0x06,0x00], // U+012F
    [0x18,0x18,0x00,0x7e,0x18,0x18,0x18,0x18,0x18,0x18,0x18,0x7e,0x00,0x00,0x00,0x00], // U+0130
    [0x00,0x00,0x00,0x00,0x00,0x38,0x18,0x18,0x18,0x18,0x18,0x1c,0x00,0x00,0x00,0x00], // U+0131
    [0x00,0x00,0xf7,0x66,0x66,0x66,0x66,0x66,0x66,0x66,0x66,0xec,0x00,0x00,0x00,0x00], // U+0132
    [0x00,0x00,0x66,0x66,0x00,0xe6,0x66,0x66,0x66,0x66,0x66,0x76,0x06,0x06,0x1c,0x00], // U+0133
    [0x38,0x6c,0x00,0x7e,0x18,0x18,0x18,0x18,0x18,0x18,0x18,0xf0,0x00,0x00,0x00,0x00], // U+0134
    [0x00,0x18,0x3c,0x66,0x00,0x18,0x18,0x18,0x18,0x18,0x18,0x18,0x18,0x18,0x70,0x00], // U+0135
    [0x00,0x00,0xc6,0xc6,0xc6,0xcc,0xf8,0xcc,0xc6,0xc6,0xc6,0xc6,0x18,0x18,0x30,0x00], // U+0136
    [0x00,0x00,0xc0,0xc0,0xc0,0xcc,0xd8,0xf0,0xf0,0xd8,0xcc,0xc6,0x18,0x18,0x30,0x00], // U+0137
    [0x00,0x00,0x00,0x00,0x00,0xc6,0xcc,0xd8,0xf0,0xd8,0xcc,0xc6,0x00,0x00,0x00,0x00], // U+0138
    [0x18,0x30,0x00,0xc0,0xc0,0xc0,0xc0,0xc0,0xc0,0xc0,0xc0,0x7e,0x00,0x00,0x00,0x00], // U+0139
    [0x18,0x30,0x00,0x30,0x30,0x30,0x30,0x30,0x30,0x30,0x30,0x1c,0x00,0x00,0x00,0x00], // U+013A
    [0x00,0x00,0xc0,0xc0,0xc0,0xc0,0xc0,0xc0,0xc0,0xc0,0xc0,0x7e,0x18,0x18,0x30,0x00], // U+013B
    [0x00,0x00,0x30,0x30,0x30,0x30,0x30,0x30,0x30,0x30,0x30,0x1c,0x18,0x18,0x30,0x00], // U+013C
    [0x6c,0x38,0x10,0xc0,0xc0,0xc0,0xc0,0xc0,0xc0,0xc0,0xc0,0x7e,0x00,0x00,0x00,0x00], // U+013D
    [0x6c,0x38,0x10,0x30,0x30,0x30,0x30,0x30,0x30,0x30,0x30,0x1c,0x00,0x00,0x00,0x00], // U+013E
    [0x00,0x00,0xc0,0xc0,0xc0,0xc0,0xcc,0xcc,0xc0,0xc0,0xc0,0x7e,0x00,0x00,0x00,0x00], // U+013F
    [0x00,0x00,0x30,0x30,0x30,0x30,0x36,0x36,0x30,0x30,0x30,0x1c,0x00,0x00,0x00,0x00], // U+0140
    [0x00,0x00,0x60,0x60,0x68,0x78,0x70,0xe0,0xe0,0x60,0x60,0x3e,0x00,0x00,0x00,0x00], // U+0141
    [0x00,0x00,0x30,0x30,0x34,0x3c,0x38,0x70,0x70,0x30,0x30,0x1c,0x00,0x00,0x00,0x00], // U+0142
    [0x18,0x30,0x00,0xc6,0xe6,0xe6,0xd6,0xd6,0xce,0xce,0xc6,0xc6,0x00,0x00,0x00,0x00], // U+0143
    [0x00,0x0c,0x18,0x30,0x00,0xfc,0xc6,0xc6,0xc6,0xc6,0xc6,0xc6,0x00,0x00,0x00,0x00], // U+0144
    [0x00,0x00,0xc6,0xc6,0xe6,0xe6,0xd6,0xd6,0xce,0xce,0xc6,0xc6,0x18,0x18,0x30,0x00], // U+0145
    [0x00,0x00,0x00,0x00,0x00,0xfc,0xc6,0xc6,0xc6,0xc6,0xc6,0xc6,0x18,0x18,0x30,0x00], // U+0146
    [0x6c,0x38,0x10,0xc6,0xe6,0xe6,0xd6,0xd6,0xce,0xce,0xc6,0xc6,0x00,0x00,0x00,0x00], // U+0147
    [0x00,0x6c,0x38,0x10,0x00,0xfc,0xc6,0xc6,0xc6,0xc6,0xc6,0xc6,0x00,0x00,0x00,0x00], // U+0148
    [0x00,0x60,0x60,0xc0,0x00,0xfc,0xc6,0xc6,0xc6,0xc6,0xc6,0xc6,0x00,0x00,0x00,0x00], // U+0149
    [0x00,0x00,0xc6,0xc6,0xe6,0xe6,0xd6,0xd6,0xce,0xce,0xc6,0xc6,0x06,0x06,0x0c,0x00], // U+014A
    [0x00,0x00,0x00,0x00,0x00,0xfc,0xc6,0xc6,0xc6,0xc6,0xc6,0xc6,0x06,0x06,0x0c,0x00], // U+014B
    [0x00,0x7c,0x00,0x7c,0xc6,0xc6,0xc6,0xc6,0xc6,0xc6,0xc6,0x7c,0x00,0x00,0x00,0x00], // U+014C
    [0x00,0x00,0x00,0x7c,0x00,0x7c,0xc6,0xc6,0xc6,0xc6,0xc6,0x7c,0x00,0x00,0x00,0x00], // U+014D
    [0x6c,0x38,0x00,0x7c,0xc6,0xc6,0xc6,0xc6,0xc6,0xc6,0xc6,0x7c,0x00,0x00,0x00,0x00], // U+014E
    [0x00,0x6c,0x6c,0x38,0x00,0x7c,0xc6,0xc6,0xc6,0xc6,0xc6,0x7c,0x00,0x00,0x00,0x00], // U+014F
    [0x66,0xcc,0x00,0x7c,0xc6,0xc6,0xc6,0xc6,0xc6,0xc6,0xc6,0x7c,0x00,0x00,0x00,0x00], // U+0150
    [0x00,0x36,0x6c,0xd8,0x00,0x7c,0xc6,0xc6,0xc6,0xc6,0xc6,0x7c,0x00,0x00,0x00,0x00], // U+0151
    [0x00,0x00,0x7e,0xd8,0xd8,0xd8,0xde,0xd8,0xd8,0xd8,0xd8,0x7e,0x00,0x00,0x00,0x00], // U+0152
    [0x00,0x00,0x00,0x00,0x00,0x6e,0xd6,0xd6,0xde,0xd0,0xd0,0x6e,0x00,0x00,0x00,0x00], // U+0153
    [0x18,0x30,0x00,0xfc,0xc6,0xc6,0xc6,0xfc,0xc6,0xc6,0xc6,0xc6,0x00,0x00,0x00,0x00], // U+0154
    [0x00,0x0c,0x18,0x30,0x00,0x7e,0xc6,0xc0,0xc0,0xc0,0xc0,0xc0,0x00,0x00,0x00,0x00], // U+0155
    [0x00,0x00,0xfc,0xc6,0xc6,0xc6,0xfc,0xc6,0xc6,0xc6,0xc6,0xc6,0x18,0x18,0x30,0x00], // U+0156
    [0x00,0x00,0x00,0x00,0x00,0x7e,0xc6,0xc0,0xc0,0xc0,0xc0,0xc0,0x18,0x18,0x30,0x00], // U+0157
    [0x6c,0x38,0x10,0xfc,0xc6,0xc6,0xc6,0xfc,0xc6,0xc6,0xc6,0xc6,0x00,0x00,0x00,0x00], // U+0158
    [0x00,0x6c,0x38,0x10,0x00,0x7e,0xc6,0xc0,0xc0,0xc0,0xc0,0xc0,0x00,0x00,0x00,0x00], // U+0159
    [0x18,0x30,0x00,0x7e,0xc0,0xc0,0xc0,0x7c,0x06,0x06,0x06,0xfc,0x00,0x00,0x00,0x00], // U+015A
    [0x00,0x0c,0x18,0x30,0x00,0x7e,0xc0,0xc0,0x7c,0x06,0x06,0xfc,0x00,0x00,0x00,0x00], // U+015B
    [0x38,0x6c,0x00,0x7e,0xc0,0xc0,0xc0,0x7c,0x06,0x06,0x06,0xfc,0x00,0x00,0x00,0x00], // U+015C
    [0x00,0x10,0x38,0x6c,0x00,0x7e,0xc0,0xc0,0x7c,0x06,0x06,0xfc,0x00,0x00,0x00,0x00], // U+015D
    [0x00,0x00,0x7e,0xc0,0xc0,0xc0,0x7c,0x06,0x06,0x06,0x06,0xfc,0x18,0x18,0x30,0x00], // U+015E
    [0x00,0x00,0x00,0x00,0x00,0x7e,0xc0,0xc0,0x7c,0x06,0x06,0xfc,0x18,0x18,0x30,0x00], // U+015F
    [0x6c,0x38,0x10,0x7e,0xc0,0xc0,0xc0,0x7c,0x06,0x06,0x06,0xfc,0x00,0x00,0x00,0x00], // U+0160
    [0x00,0x6c,0x38,0x10,0x00,0x7e,0xc0,0xc0,0x7c,0x06,0x06,0xfc,0x00,0x00,0x00,0x00], // U+0161
    [0x00,0x00,0xff,0x18,0x18,0x18,0x18,0x18,0x18,0x18,0x18,0x18,0x0c,0x0c,0x18,0x00], // U+0162
    [0x00,0x00,0x30,0x30,0x30,0x7c,0x30,0x30,0x30,0x30,0x30,0x1e,0x0c,0x0c,0x18,0x00], // U+0163
    [0x6c,0x38,0x10,0xff,0x18,0x18,0x18,0x18,0x18,0x18,0x18,0x18,0x00,0x00,0x00,0x00], // U+0164
    [0x6c,0x38,0x10,0x30,0x30,0x7c,0x30,0x30,0x30,0x30,0x30,0x1e,0x00,0x00,0x00,0x00], // U+0165
    [0x00,0x00,0xff,0x18,0x18,0x18,0x18,0x7e,0x18,0x18,0x18,0x18,0x00,0x00,0x00,0x00], // U+0166
    [0x00,0x00,0x30,0x30,0x30,0x7c,0x30,0x7c,0x30,0x30,0x30,0x1e,0x00,0x00,0x00,0x00], // U+0167
    [0x32,0x4c,0x00,0xc6,0xc6,0xc6,0xc6,0xc6,0xc6,0xc6,0xc6,0x7c,0x00,0x00,0x00,0x00], // U+0168
    [0x00,0x32,0x7e,0x4c,0x00,0xc6,0xc6,0xc6,0xc6,0xc6,0xc6,0x7c,0x00,0x00,0x00,0x00], // U+0169
    [0x00,0x7c,0x00,0xc6,0xc6,0xc6,0xc6,0xc6,0xc6,0xc6,0xc6,0x7e,0x00,0x00,0x00,0x00], // U+016A
    [0x00,0x00,0x00,0x7c,0x00,0xc6,0xc6,0xc6,0xc6,0xc6,0xc6,0x7e,0x00,0x00,0x00,0x00], // U+016B
    [0x6c,0x38,0x00,0xc6,0xc6,0xc6,0xc6,0xc6,0xc6,0xc6,0xc6,0x7e,0x00,0x00,0x00,0x00], // U+016C
    [0x00,0x6c,0x6c,0x38,0x00,0xc6,0xc6,0xc6,0xc6,0xc6,0xc6,0x7e,0x00,0x00,0x00,0x00], // U+016D
    [0x38,0x6c,0x38,0xc6,0xc6,0xc6,0xc6,0xc6,0xc6,0xc6,0xc6,0x7e,0x00,0x00,0x00,0x00], // U+016E
    [0x00,0x38,0x6c,0x38,0x00,0xc6,0xc6,0xc6,0xc6,0xc6,0xc6,0x7e,0x00,0x00,0x00,0x00], // U+016F
    [0x66,0xcc,0x00,0xc6,0xc6,0xc6,0xc6,0xc6,0xc6,0xc6,0xc6,0x7e,0x00,0x00,0x00,0x00], // U+0170
    [0x00,0x36,0x6c,0xd8,0x00,0xc6,0xc6,0xc6,0xc6,0xc6,0xc6,0x7e,0x00,0x00,0x00,0x00], // U+0171
    [0x00,0x00,0xc6,0xc6,0xc6,0xc6,0xc6,0xc6,0xc6,0xc6,0xc6,0x7e,0x0c,0x08,0x06,0x00], // U+0172
    [0x00,0x00,0x00,0x00,0x00,0xc6,0xc6,0xc6,0xc6,0xc6,0xc6,0x7e,0x0c,0x08,0x06,0x00], // U+0173
    [0x38,0x6c,0x00,0xc6,0xc6,0xc6,0xc6,0xc6,0xd6,0xfe,0xee,0xc6,0x00,0x00,0x00,0x00], // U+0174
    [0x00,0x10,0x38,0x6c,0x00,0xc6,0xc6,0xd6,0xd6,0xd6,0xd6,0x6e,0x00,0x00,0x00,0x00], // U+0175
    [0x38,0x6c,0x00,0xc6,0xc6,0xc6,0xc6,0x7e,0x06,0x06,0x06,0xfc,0x00,0x00,0x00,0x00], // U+0176
    [0x00,0x10,0x38,0x6c,0x00,0xc6,0xc6,0xc6,0xc6,0xc6,0xc6,0x7e,0x06,0x06,0xfc,0x00], // U+0177
    [0x6c,0x6c,0x00,0xc6,0xc6,0xc6,0xc6,0x7e,0x06,0x06,0x06,0xfc,0x00,0x00,0x00,0x00], // U+0178
    [0x18,0x30,0x00,0xfe,0x06,0x0c,0x18,0x30,0x60,0xc0,0xc0,0xfe,0x00,0x00,0x00,0x00], // U+0179
    [0x00,0x0c,0x18,0x30,0x00,0xfe,0x06,0x0c,0x18,0x30,0x60,0xfe,0x00,0x00,0x00,0x00], // U+017A
    [0x18,0x18,0x00,0xfe,0x06,0x0c,0x18,0x30,0x60,0xc0,0xc0,0xfe,0x00,0x00,0x00,0x00], // U+017B
    [0x00,0x00,0x18,0x18,0x00,0xfe,0x06,0x0c,0x18,0x30,0x60,0xfe,0x00,0x00,0x00,0x00], // U+017C
    [0x6c,0x38,0x10,0xfe,0x06,0x0c,0x18,0x30,0x60,0xc0,0xc0,0xfe,0x00,0x00,0x00,0x00], // U+017D
    [0x00,0x6c,0x38,0x10,0x00,0xfe,0x06,0x0c,0x18,0x30,0x60,0xfe,0x00,0x00,0x00,0x00], // U+017E
    [0x00,0x00,0x1e,0x30,0x30,0x70,0x30,0x30,0x30,0x30,0x30,0x30,0x00,0x00,0x00,0x00], // U+017F
];

#[rustfmt::skip]
static R_0192_0192: [[u8; 16]; 1] = [
    [0x00,0x00,0x0e,0x1b,0x1b,0x18,0x18,0x18,0x7e,0x18,0x18,0x18,0xd8,0xd8,0x70,0x00], // U+0192
];

#[rustfmt::skip]
static R_01CD_01D4: [[u8; 16]; 8] = [
    [0x6c,0x38,0x10,0x7c,0xc6,0xc6,0xc6,0xfe,0xc6,0xc6,0xc6,0xc6,0x00,0x00,0x00,0x00], // U+01CD
    [0x00,0x6c,0x38,0x10,0x00,0x7c,0x06,0x7e,0xc6,0xc6,0xc6,0x7e,0x00,0x00,0x00,0x00], // U+01CE
    [0x6c,0x38,0x10,0x7e,0x18,0x18,0x18,0x18,0x18,0x18,0x18,0x7e,0x00,0x00,0x00,0x00], // U+01CF
    [0x00,0x6c,0x38,0x10,0x00,0x38,0x18,0x18,0x18,0x18,0x18,0x1c,0x00,0x00,0x00,0x00], // U+01D0
    [0x6c,0x38,0x10,0x7c,0xc6,0xc6,0xc6,0xc6,0xc6,0xc6,0xc6,0x7c,0x00,0x00,0x00,0x00], // U+01D1
    [0x00,0x6c,0x38,0x10,0x00,0x7c,0xc6,0xc6,0xc6,0xc6,0xc6,0x7c,0x00,0x00,0x00,0x00], // U+01D2
    [0x6c,0x38,0x10,0xc6,0xc6,0xc6,0xc6,0xc6,0xc6,0xc6,0xc6,0x7e,0x00,0x00,0x00,0x00], // U+01D3
    [0x00,0x6c,0x38,0x10,0x00,0xc6,0xc6,0xc6,0xc6,0xc6,0xc6,0x7e,0x00,0x00,0x00,0x00], // U+01D4
];

#[rustfmt::skip]
static R_01E2_022F: [[u8; 16]; 78] = [
    [0x00,0x7c,0x00,0x7e,0xd8,0xd8,0xd8,0xfe,0xd8,0xd8,0xd8,0xde,0x00,0x00,0x00,0x00], // U+01E2
    [0x00,0x00,0x00,0x7c,0x00,0x6e,0x16,0x16,0x7e,0xd0,0xd0,0x6e,0x00,0x00,0x00,0x00], // U+01E3
    [0x00,0x00,0x00,0x00,0x00,0x00,0x00,0x00,0x00,0x00,0x00,0x00,0x00,0x00,0x00,0x00], // U+01E4
    [0x00,0x00,0x00,0x00,0x00,0x00,0x00,0x00,0x00,0x00,0x00,0x00,0x00,0x00,0x00,0x00], // U+01E5
    [0x6c,0x38,0x10,0x7e,0xc0,0xc0,0xc0,0xde,0xc6,0xc6,0xc6,0x7e,0x00,0x00,0x00,0x00], // U+01E6
    [0x00,0x6c,0x38,0x10,0x00,0x7e,0xc6,0xc6,0xc6,0xc6,0xc6,0x7c,0x06,0x06,0xfc,0x00], // U+01E7
    [0x6c,0x38,0x10,0xc6,0xc6,0xc6,0xcc,0xf8,0xcc,0xc6,0xc6,0xc6,0x00,0x00,0x00,0x00], // U+01E8
    [0x6c,0x38,0x10,0xc0,0xc0,0xcc,0xd8,0xf0,0xf0,0xd8,0xcc,0xc6,0x00,0x00,0x00,0x00], // U+01E9
    [0x00,0x00,0x7c,0xc6,0xc6,0xc6,0xc6,0xc6,0xc6,0xc6,0xc6,0x7c,0x18,0x10,0x0c,0x00], // U+01EA
    [0x00,0x00,0x00,0x00,0x00,0x7c,0xc6,0xc6,0xc6,0xc6,0xc6,0x7c,0x18,0x10,0x0c,0x00], // U+01EB
    [0x00,0x7c,0x00,0x7c,0xc6,0xc6,0xc6,0xc6,0xc6,0xc6,0xc6,0x7c,0x18,0x10,0x0c,0x00], // U+01EC
    [0x00,0x00,0x00,0x7c,0x00,0x7c,0xc6,0xc6,0xc6,0xc6,0xc6,0x7c,0x18,0x10,0x0c,0x00], // U+01ED
    [0x00,0x00,0x00,0x00,0x00,0x00,0x00,0x00,0x00,0x00,0x00,0x00,0x00,0x00,0x00,0x00], // U+01EE
    [0x00,0x00,0x00,0x00,0x00,0x00,0x00,0x00,0x00,0x00,0x00,0x00,0x00,0x00,0x00,0x00], // U+01EF
    [0x00,0x6c,0x38,0x10,0x00,0x18,0x18,0x18,0x18,0x18,0x18,0x18,0x18,0x18,0x70,0x00], // U+01F0
    [0x00,0x00,0x00,0x00,0x00,0x00,0x00,0x00,0x00,0x00,0x00,0x00,0x00,0x00,0x00,0x00], // U+01F1
    [0x00,0x00,0x00,0x00,0x00,0x00,0x00,0x00,0x00,0x00,0x00,0x00,0x00,0x00,0x00,0x00], // U+01F2
    [0x00,0x00,0x00,0x00,0x00,0x00,0x00,0x00,0x00,0x00,0x00,0x00,0x00,0x00,0x00,0x00], // U+01F3
    [0x18,0x30,0x00,0x7e,0xc0,0xc0,0xc0,0xde,0xc6,0xc6,0xc6,0x7e,0x00,0x00,0x00,0x00], // U+01F4
    [0x00,0x0c,0x18,0x30,0x00,0x7e,0xc6,0xc6,0xc6,0xc6,0xc6,0x7c,0x06,0x06,0xfc,0x00], // U+01F5
    [0x00,0x00,0x00,0x00,0x00,0x00,0x00,0x00,0x00,0x00,0x00,0x00,0x00,0x00,0x00,0x00], // U+01F6
    [0x00,0x00,0x00,0x00,0x00,0x00,0x00,0x00,0x00,0x00,0x00,0x00,0x00,0x00,0x00,0x00], // U+01F7
    [0x00,0x00,0x00,0x00,0x00,0x00,0x00,0x00,0x00,0x00,0x00,0x00,0x00,0x00,0x00,0x00], // U+01F8
    [0x00,0x00,0x00,0x00,0x00,0x00,0x00,0x00,0x00,0x00,0x00,0x00,0x00,0x00,0x00,0x00], // U+01F9
    [0x00,0x00,0x00,0x00,0x00,0x00,0x00,0x00,0x00,0x00,0x00,0x00,0x00,0x00,0x00,0x00], // U+01FA
    [0x00,0x00,0x00,0x00,0x00,0x00,0x00,0x00,0x00,0x00,0x00,0x00,0x00,0x00,0x00,0x00], // U+01FB
    [0x18,0x30,0x00,0x7e,0xd8,0xd8,0xd8,0xfe,0xd8,0xd8,0xd8,0xde,0x00,0x00,0x00,0x00], // U+01FC
    [0x00,0x0c,0x18,0x30,0x00,0x6e,0x16,0x16,0x7e,0xd0,0xd0,0x6e,0x00,0x00,0x00,0x00], // U+01FD
    [0x18,0x30,0x02,0x7c,0xce,0xce,0xd6,0xd6,0xe6,0xe6,0xc6,0x7c,0x80,0x00,0x00,0x00], // U+01FE
    [0x00,0x0c,0x18,0x30,0x02,0x7c,0xc6,0xce,0xd6,0xe6,0xc6,0x7c,0x80,0x00,0x00,0x00], // U+01FF
    [0xcc,0x66,0x00,0x7c,0xc6,0xc6,0xc6,0xfe,0xc6,0xc6,0xc6,0xc6,0x00,0x00,0x00,0x00], // U+0200
    [0x00,0xd8,0x6c,0x36,0x00,0x7c,0x06,0x7e,0xc6,0xc6,0xc6,0x7e,0x00,0x00,0x00,0x00], // U+0201
    [0x38,0x6c,0x00,0x7c,0xc6,0xc6,0xc6,0xfe,0xc6,0xc6,0xc6,0xc6,0x00,0x00,0x00,0x00], // U+0202
    [0x00,0x38,0x6c,0x6c,0x00,0x7c,0x06,0x7e,0xc6,0xc6,0xc6,0x7e,0x00,0x00,0x00,0x00], // U+0203
    [0xcc,0x66,0x00,0x7e,0xc0,0xc0,0xc0,0xf8,0xc0,0xc0,0xc0,0x7e,0x00,0x00,0x00,0x00], // U+0204
    [0x00,0xd8,0x6c,0x36,0x00,0x7e,0xc6,0xc6,0xfe,0xc0,0xc0,0x7e,0x00,0x00,0x00,0x00], // U+0205
    [0x38,0x6c,0x00,0x7e,0xc0,0xc0,0xc0,0xf8,0xc0,0xc0,0xc0,0x7e,0x00,0x00,0x00,0x00], // U+0206
    [0x00,0x38,0x6c,0x6c,0x00,0x7e,0xc6,0xc6,0xfe,0xc0,0xc0,0x7e,0x00,0x00,0x00,0x00], // U+0207
    [0xcc,0x66,0x00,0x7e,0x18,0x18,0x18,0x18,0x18,0x18,0x18,0x7e,0x00,0x00,0x00,0x00], // U+0208
    [0x00,0xd8,0x6c,0x36,0x00,0x38,0x18,0x18,0x18,0x18,0x18,0x1c,0x00,0x00,0x00,0x00], // U+0209
    [0x3c,0x66,0x00,0x7e,0x18,0x18,0x18,0x18,0x18,0x18,0x18,0x7e,0x00,0x00,0x00,0x00], // U+020A
    [0x00,0x3c,0x66,0x66,0x00,0x38,0x18,0x18,0x18,0x18,0x18,0x1c,0x00,0x00,0x00,0x00], // U+020B
    [0xcc,0x66,0x00,0x7c,0xc6,0xc6,0xc6,0xc6,0xc6,0xc6,0xc6,0x7c,0x00,0x00,0x00,0x00], // U+020C
    [0x00,0xd8,0x6c,0x36,0x00,0x7c,0xc6,0xc6,0xc6,0xc6,0xc6,0x7c,0x00,0x00,0x00,0x00], // U+020D
    [0x38,0x6c,0x00,0x7c,0xc6,0xc6,0xc6,0xc6,0xc6,0xc6,0xc6,0x7c,0x00,0x00,0x00,0x00], // U+020E
    [0x00,0x38,0x6c,0x6c,0x00,0x7c,0xc6,0xc6,0xc6,0xc6,0xc6,0x7c,0x00,0x00,0x00,0x00], // U+020F
    [0xcc,0x66,0x00,0xfc,0xc6,0xc6,0xc6,0xfc,0xc6,0xc6,0xc6,0xc6,0x00,0x00,0x00,0x00], // U+0210
    [0x00,0xd8,0x6c,0x36,0x00,0x7e,0xc6,0xc0,0xc0,0xc0,0xc0,0xc0,0x00,0x00,0x00,0x00], // U+0211
    [0x38,0x6c,0x00,0xfc,0xc6,0xc6,0xc6,0xfc,0xc6,0xc6,0xc6,0xc6,0x00,0x00,0x00,0x00], // U+0212
    [0x00,0x38,0x6c,0x6c,0x00,0x7e,0xc6,0xc0,0xc0,0xc0,0xc0,0xc0,0x00,0x00,0x00,0x00], // U+0213
    [0xcc,0x66,0x00,0xc6,0xc6,0xc6,0xc6,0xc6,0xc6,0xc6,0xc6,0x7e,0x00,0x00,0x00,0x00], // U+0214
    [0x00,0xd8,0x6c,0x36,0x00,0xc6,0xc6,0xc6,0xc6,0xc6,0xc6,0x7e,0x00,0x00,0x00,0x00], // U+0215
    [0x38,0x6c,0x00,0xc6,0xc6,0xc6,0xc6,0xc6,0xc6,0xc6,0xc6,0x7e,0x00,0x00,0x00,0x00], // U+0216
    [0x00,0x38,0x6c,0x6c,0x00,0xc6,0xc6,0xc6,0xc6,0xc6,0xc6,0x7e,0x00,0x00,0x00,0x00], // U+0217
    [0x00,0x00,0x00,0x00,0x00,0x00,0x00,0x00,0x00,0x00,0x00,0x00,0x00,0x00,0x00,0x00], // U+0218
    [0x00,0x00,0x00,0x00,0x00,0x00,0x00,0x00,0x00,0x00,0x00,0x00,0x00,0x00,0x00,0x00], // U+0219
    [0x00,0x00,0x00,0x00,0x00,0x00,0x00,0x00,0x00,0x00,0x00,0x00,0x00,0x00,0x00,0x00], // U+021A
    [0x00,0x00,0x00,0x00,0x00,0x00,0x00,0x00,0x00,0x00,0x00,0x00,0x00,0x00,0x00,0x00], // U+021B
    [0x00,0x00,0x00,0x00,0x00,0x00,0x00,0x00,0x00,0x00,0x00,0x00,0x00,0x00,0x00,0x00], // U+021C
    [0x00,0x00,0x00,0x00,0x00,0x00,0x00,0x00,0x00,0x00,0x00,0x00,0x00,0x00,0x00,0x00], // U+021D
    [0x6c,0x38,0x10,0xc6,0xc6,0xc6,0xc6,0xfe,0xc6,0xc6,0xc6,0xc6,0x00,0x00,0x00,0x00], // U+021E
    [0x6c,0x38,0x10,0xc0,0xc0,0xc0,0xfc,0xc6,0xc6,0xc6,0xc6,0xc6,0x00,0x00,0x00,0x00], // U+021F
    [0x00,0x00,0x00,0x00,0x00,0x00,0x00,0x00,0x00,0x00,0x00,0x00,0x00,0x00,0x00,0x00], // U+0220
    [0x00,0x00,0x00,0x00,0x00,0x00,0x00,0x00,0x00,0x00,0x00,0x00,0x00,0x00,0x00,0x00], // U+0221
    [0x00,0x00,0x00,0x00,0x00,0x00,0x00,0x00,0x00,0x00,0x00,0x00,0x00,0x00,0x00,0x00], // U+0222
    [0x00,0x00,0x00,0x00,0x00,0x00,0x00,0x00,0x00,0x00,0x00,0x00,0x00,0x00,0x00,0x00], // U+0223
    [0x00,0x00,0x00,0x00,0x00,0x00,0x00,0x00,0x00,0x00,0x00,0x00,0x00,0x00,0x00,0x00], // U+0224
    [0x00,0x00,0x00,0x00,0x00,0x00,0x00,0x00,0x00,0x00,0x00,0x00,0x00,0x00,0x00,0x00], // U+0225
    [0x18,0x18,0x00,0x7c,0xc6,0xc6,0xc6,0xfe,0xc6,0xc6,0xc6,0xc6,0x00,0x00,0x00,0x00], // U+0226
    [0x00,0x00,0x18,0x18,0x00,0x7c,0x06,0x7e,0xc6,0xc6,0xc6,0x7e,0x00,0x00,0x00,0x00], // U+0227
    [0x00,0x00,0x7e,0xc0,0xc0,0xc0,0xf8,0xc0,0xc0,0xc0,0xc0,0x7e,0x18,0x18,0x30,0x00], // U+0228
    [0x00,0x00,0x00,0x00,0x00,0x7e,0xc6,0xc6,0xfe,0xc0,0xc0,0x7e,0x18,0x18,0x30,0x00], // U+0229
    [0x00,0x00,0x00,0x00,0x00,0x00,0x00,0x00,0x00,0x00,0x00,0x00,0x00,0x00,0x00,0x00], // U+022A
    [0x00,0x00,0x00,0x00,0x00,0x00,0x00,0x00,0x00,0x00,0x00,0x00,0x00,0x00,0x00,0x00], // U+022B
    [0x00,0x00,0x00,0x00,0x00,0x00,0x00,0x00,0x00,0x00,0x00,0x00,0x00,0x00,0x00,0x00], // U+022C
    [0x00,0x00,0x00,0x00,0x00,0x00,0x00,0x00,0x00,0x00,0x00,0x00,0x00,0x00,0x00,0x00], // U+022D
    [0x18,0x18,0x00,0x7c,0xc6,0xc6,0xc6,0xc6,0xc6,0xc6,0xc6,0x7c,0x00,0x00,0x00,0x00], // U+022E
    [0x00,0x00,0x18,0x18,0x00,0x7c,0xc6,0xc6,0xc6,0xc6,0xc6,0x7c,0x00,0x00,0x00,0x00], // U+022F
];

#[rustfmt::skip]
static R_02D8_02DD: [[u8; 16]; 6] = [
    [0x6c,0x38,0x00,0x00,0x00,0x00,0x00,0x00,0x00,0x00,0x00,0x00,0x00,0x00,0x00,0x00], // U+02D8
    [0x18,0x18,0x00,0x00,0x00,0x00,0x00,0x00,0x00,0x00,0x00,0x00,0x00,0x00,0x00,0x00], // U+02D9
    [0x00,0x00,0x00,0x00,0x00,0x00,0x00,0x00,0x00,0x00,0x00,0x00,0x00,0x00,0x00,0x00], // U+02DA
    [0x00,0x00,0x00,0x00,0x00,0x00,0x00,0x00,0x00,0x00,0x00,0x00,0x0c,0x08,0x06,0x00], // U+02DB
    [0x32,0x4c,0x00,0x00,0x00,0x00,0x00,0x00,0x00,0x00,0x00,0x00,0x00,0x00,0x00,0x00], // U+02DC
    [0x66,0xcc,0x00,0x00,0x00,0x00,0x00,0x00,0x00,0x00,0x00,0x00,0x00,0x00,0x00,0x00], // U+02DD
];

#[rustfmt::skip]
static R_0306_0308: [[u8; 16]; 3] = [
    [0x6c,0x38,0x00,0x00,0x00,0x00,0x00,0x00,0x00,0x00,0x00,0x00,0x00,0x00,0x00,0x00], // U+0306
    [0x00,0x00,0x00,0x00,0x00,0x00,0x00,0x00,0x00,0x00,0x00,0x00,0x00,0x00,0x00,0x00], // U+0307
    [0x6c,0x6c,0x00,0x00,0x00,0x00,0x00,0x00,0x00,0x00,0x00,0x00,0x00,0x00,0x00,0x00], // U+0308
];

#[rustfmt::skip]
static R_0393_0398: [[u8; 16]; 6] = [
    [0x00,0x00,0xfe,0xc6,0xc0,0xc0,0xc0,0xc0,0xc0,0xc0,0xc0,0xc0,0x00,0x00,0x00,0x00], // U+0393
    [0x00,0x00,0x00,0x00,0x00,0x00,0x00,0x00,0x00,0x00,0x00,0x00,0x00,0x00,0x00,0x00], // U+0394
    [0x00,0x00,0x00,0x00,0x00,0x00,0x00,0x00,0x00,0x00,0x00,0x00,0x00,0x00,0x00,0x00], // U+0395
    [0x00,0x00,0x00,0x00,0x00,0x00,0x00,0x00,0x00,0x00,0x00,0x00,0x00,0x00,0x00,0x00], // U+0396
    [0x00,0x00,0x00,0x00,0x00,0x00,0x00,0x00,0x00,0x00,0x00,0x00,0x00,0x00,0x00,0x00], // U+0397
    [0x00,0x00,0x38,0x6c,0xc6,0xc6,0xfe,0xc6,0xc6,0xc6,0x6c,0x38,0x00,0x00,0x00,0x00], // U+0398
];

#[rustfmt::skip]
static R_03A3_03B5: [[u8; 16]; 19] = [
    [0x00,0x00,0xfe,0xc6,0x60,0x30,0x18,0x18,0x30,0x60,0xc6,0xfe,0x00,0x00,0x00,0x00], // U+03A3
    [0x00,0x00,0x00,0x00,0x00,0x00,0x00,0x00,0x00,0x00,0x00,0x00,0x00,0x00,0x00,0x00], // U+03A4
    [0x00,0x00,0x00,0x00,0x00,0x00,0x00,0x00,0x00,0x00,0x00,0x00,0x00,0x00,0x00,0x00], // U+03A5
    [0x00,0x00,0x10,0x7c,0xd6,0xd6,0xd6,0xd6,0xd6,0xd6,0x7c,0x10,0x00,0x00,0x00,0x00], // U+03A6
    [0x00,0x00,0x00,0x00,0x00,0x00,0x00,0x00,0x00,0x00,0x00,0x00,0x00,0x00,0x00,0x00], // U+03A7
    [0x00,0x00,0x00,0x00,0x00,0x00,0x00,0x00,0x00,0x00,0x00,0x00,0x00,0x00,0x00,0x00], // U+03A8
    [0x00,0x00,0x38,0x6c,0xc6,0xc6,0xc6,0xc6,0xc6,0x6c,0x6c,0xee,0x00,0x00,0x00,0x00], // U+03A9
    [0x00,0x00,0x00,0x00,0x00,0x00,0x00,0x00,0x00,0x00,0x00,0x00,0x00,0x00,0x00,0x00], // U+03AA
    [0x00,0x00,0x00,0x00,0x00,0x00,0x00,0x00,0x00,0x00,0x00,0x00,0x00,0x00,0x00,0x00], // U+03AB
    [0x00,0x00,0x00,0x00,0x00,0x00,0x00,0x00,0x00,0x00,0x00,0x00,0x00,0x00,0x00,0x00], // U+03AC
    [0x00,0x00,0x00,0x00,0x00,0x00,0x00,0x00,0x00,0x00,0x00,0x00,0x00,0x00,0x00,0x00], // U+03AD
    [0x00,0x00,0x00,0x00,0x00,0x00,0x00,0x00,0x00,0x00,0x00,0x00,0x00,0x00,0x00,0x00], // U+03AE
    [0x00,0x00,0x00,0x00,0x00,0x00,0x00,0x00,0x00,0x00,0x00,0x00,0x00,0x00,0x00,0x00], // U+03AF
    [0x00,0x00,0x00,0x00,0x00,0x00,0x00,0x00,0x00,0x00,0x00,0x00,0x00,0x00,0x00,0x00], // U+03B0
    [0x00,0x00,0x00,0x00,0x00,0x76,0xdc,0xd8,0xd8,0xd8,0xdc,0x76,0x00,0x00,0x00,0x00], // U+03B1
    [0x00,0x00,0x00,0x00,0x00,0x00,0x00,0x00,0x00,0x00,0x00,0x00,0x00,0x00,0x00,0x00], // U+03B2
    [0x00,0x00,0x00,0x00,0x00,0x00,0x00,0x00,0x00,0x00,0x00,0x00,0x00,0x00,0x00,0x00], // U+03B3
    [0x00,0x00,0x1e,0x30,0x18,0x0c,0x3c,0x66,0x66,0x66,0x66,0x3c,0x00,0x00,0x00,0x00], // U+03B4
    [0x00,0x00,0x00,0x00,0x00,0x7c,0xc6,0xc0,0x70,0xc0,0xc6,0x7c,0x00,0x00,0x00,0x00], // U+03B5
];

#[rustfmt::skip]
static R_03C0_03C6: [[u8; 16]; 7] = [
    [0x00,0x00,0x00,0x00,0x00,0xfe,0x6c,0x6c,0x6c,0x6c,0x6c,0x6c,0x00,0x00,0x00,0x00], // U+03C0
    [0x00,0x00,0x00,0x00,0x00,0x00,0x00,0x00,0x00,0x00,0x00,0x00,0x00,0x00,0x00,0x00], // U+03C1
    [0x00,0x00,0x00,0x00,0x00,0x00,0x00,0x00,0x00,0x00,0x00,0x00,0x00,0x00,0x00,0x00], // U+03C2
    [0x00,0x00,0x00,0x00,0x00,0x7e,0xd8,0xd8,0xd8,0xd8,0xd8,0x70,0x00,0x00,0x00,0x00], // U+03C3
    [0x00,0x00,0x00,0x00,0x00,0x7e,0x18,0x18,0x18,0x18,0x18,0x0c,0x00,0x00,0x00,0x00], // U+03C4
    [0x00,0x00,0x00,0x00,0x00,0x00,0x00,0x00,0x00,0x00,0x00,0x00,0x00,0x00,0x00,0x00], // U+03C5
    [0x00,0x00,0x00,0x00,0x00,0x4c,0xd6,0xd6,0xd6,0xd6,0xd6,0x7c,0x10,0x10,0x00,0x00], // U+03C6
];

#[rustfmt::skip]
static R_0401_045E: [[u8; 16]; 94] = [
    [0x6c,0x6c,0x00,0x7e,0xc0,0xc0,0xc0,0xf8,0xc0,0xc0,0xc0,0x7e,0x00,0x00,0x00,0x00], // U+0401
    [0x00,0x00,0x00,0x00,0x00,0x00,0x00,0x00,0x00,0x00,0x00,0x00,0x00,0x00,0x00,0x00], // U+0402
    [0x00,0x00,0x00,0x00,0x00,0x00,0x00,0x00,0x00,0x00,0x00,0x00,0x00,0x00,0x00,0x00], // U+0403
    [0x00,0x00,0x00,0x00,0x00,0x00,0x00,0x00,0x00,0x00,0x00,0x00,0x00,0x00,0x00,0x00], // U+0404
    [0x00,0x00,0x00,0x00,0x00,0x00,0x00,0x00,0x00,0x00,0x00,0x00,0x00,0x00,0x00,0x00], // U+0405
    [0x00,0x00,0x7e,0x18,0x18,0x18,0x18,0x18,0x18,0x18,0x18,0x7e,0x00,0x00,0x00,0x00], // U+0406
    [0x66,0x66,0x00,0x7e,0x18,0x18,0x18,0x18,0x18,0x18,0x18,0x7e,0x00,0x00,0x00,0x00], // U+0407
    [0x00,0x00,0x00,0x00,0x00,0x00,0x00,0x00,0x00,0x00,0x00,0x00,0x00,0x00,0x00,0x00], // U+0408
    [0x00,0x00,0x00,0x00,0x00,0x00,0x00,0x00,0x00,0x00,0x00,0x00,0x00,0x00,0x00,0x00], // U+0409
    [0x00,0x00,0x00,0x00,0x00,0x00,0x00,0x00,0x00,0x00,0x00,0x00,0x00,0x00,0x00,0x00], // U+040A
    [0x00,0x00,0x00,0x00,0x00,0x00,0x00,0x00,0x00,0x00,0x00,0x00,0x00,0x00,0x00,0x00], // U+040B
    [0x00,0x00,0x00,0x00,0x00,0x00,0x00,0x00,0x00,0x00,0x00,0x00,0x00,0x00,0x00,0x00], // U+040C
    [0x00,0x00,0x00,0x00,0x00,0x00,0x00,0x00,0x00,0x00,0x00,0x00,0x00,0x00,0x00,0x00], // U+040D
    [0x6c,0x38,0x00,0xc6,0xc6,0xc6,0xc6,0x7e,0x06,0x06,0x06,0xfc,0x00,0x00,0x00,0x00], // U+040E
    [0x00,0x00,0x00,0x00,0x00,0x00,0x00,0x00,0x00,0x00,0x00,0x00,0x00,0x00,0x00,0x00], // U+040F
    [0x00,0x00,0x7c,0xc6,0xc6,0xc6,0xfe,0xc6,0xc6,0xc6,0xc6,0xc6,0x00,0x00,0x00,0x00], // U+0410
    [0x00,0x00,0xfc,0xc0,0xc0,0xc0,0xfc,0xc6,0xc6,0xc6,0xc6,0xfc,0x00,0x00,0x00,0x00], // U+0411
    [0x00,0x00,0xfc,0xc6,0xc6,0xc6,0xfc,0xc6,0xc6,0xc6,0xc6,0xfc,0x00,0x00,0x00,0x00], // U+0412
    [0x00,0x00,0x7e,0xc0,0xc0,0xc0,0xc0,0xc0,0xc0,0xc0,0xc0,0xc0,0x00,0x00,0x00,0x00], // U+0413
    [0x00,0x00,0x1c,0x3c,0x6c,0x6c,0x6c,0x6c,0x6c,0x6c,0xfe,0xc6,0x00,0x00,0x00,0x00], // U+0414
    [0x00,0x00,0x7e,0xc0,0xc0,0xc0,0xf8,0xc0,0xc0,0xc0,0xc0,0x7e,0x00,0x00,0x00,0x00], // U+0415
    [0x00,0x00,0xd6,0xd6,0xd6,0x7c,0x38,0x7c,0xd6,0xd6,0xd6,0xd6,0x00,0x00,0x00,0x00], // U+0416
    [0x00,0x00,0xfc,0x06,0x06,0x06,0x3c,0x06,0x06,0x06,0x06,0xfc,0x00,0x00,0x00,0x00], // U+0417
    [0x00,0x00,0xc6,0xc6,0xce,0xce,0xd6,0xd6,0xe6,0xe6,0xc6,0xc6,0x00,0x00,0x00,0x00], // U+0418
    [0x6c,0x38,0x00,0xc6,0xce,0xce,0xd6,0xd6,0xe6,0xe6,0xc6,0xc6,0x00,0x00,0x00,0x00], // U+0419
    [0x00,0x00,0xc6,0xc6,0xc6,0xcc,0xf8,0xcc,0xc6,0xc6,0xc6,0xc6,0x00,0x00,0x00,0x00], // U+041A
    [0x00,0x00,0x7e,0xc6,0xc6,0xc6,0xc6,0xc6,0xc6,0xc6,0xc6,0xc6,0x00,0x00,0x00,0x00], // U+041B
    [0x00,0x00,0xc6,0xee,0xfe,0xd6,0xc6,0xc6,0xc6,0xc6,0xc6,0xc6,0x00,0x00,0x00,0x00], // U+041C
    [0x00,0x00,0xc6,0xc6,0xc6,0xc6,0xfe,0xc6,0xc6,0xc6,0xc6,0xc6,0x00,0x00,0x00,0x00], // U+041D
    [0x00,0x00,0x7c,0xc6,0xc6,0xc6,0xc6,0xc6,0xc6,0xc6,0xc6,0x7c,0x00,0x00,0x00,0x00], // U+041E
    [0x00,0x00,0xfe,0xc6,0xc6,0xc6,0xc6,0xc6,0xc6,0xc6,0xc6,0xc6,0x00,0x00,0x00,0x00], // U+041F
    [0x00,0x00,0xfc,0xc6,0xc6,0xc6,0xfc,0xc0,0xc0,0xc0,0xc0,0xc0,0x00,0x00,0x00,0x00], // U+0420
    [0x00,0x00,0x7e,0xc0,0xc0,0xc0,0xc0,0xc0,0xc0,0xc0,0xc0,0x7e,0x00,0x00,0x00,0x00], // U+0421
    [0x00,0x00,0xff,0x18,0x18,0x18,0x18,0x18,0x18,0x18,0x18,0x18,0x00,0x00,0x00,0x00], // U+0422
    [0x00,0x00,0xc6,0xc6,0xc6,0xc6,0x7e,0x06,0x06,0x06,0x06,0xfc,0x00,0x00,0x00,0x00], // U+0423
    [0x00,0x00,0x10,0x7c,0xd6,0xd6,0xd6,0xd6,0xd6,0xd6,0x7c,0x10,0x00,0x00,0x00,0x00], // U+0424
    [0x00,0x00,0xc6,0xc6,0xc6,0x6c,0x38,0x6c,0xc6,0xc6,0xc6,0xc6,0x00,0x00,0x00,0x00], // U+0425
    [0x00,0x00,0xc6,0xc6,0xc6,0xc6,0xc6,0xc6,0xc6,0xc6,0xc6,0x7f,0x03,0x03,0x06,0x00], // U+0426
    [0x00,0x00,0xc6,0xc6,0xc6,0xc6,0x7e,0x06,0x06,0x06,0x06,0x06,0x00,0x00,0x00,0x00], // U+0427
    [0x00,0x00,0xd6,0xd6,0xd6,0xd6,0xd6,0xd6,0xd6,0xd6,0xd6,0x7c,0x00,0x00,0x00,0x00], // U+0428
    [0x00,0x00,0xd6,0xd6,0xd6,0xd6,0xd6,0xd6,0xd6,0xd6,0xd6,0x7f,0x03,0x03,0x06,0x00], // U+0429
    [0x00,0x00,0xf0,0xf0,0x30,0x30,0x3c,0x36,0x36,0x36,0x36,0x3c,0x00,0x00,0x00,0x00], // U+042A
    [0x00,0x00,0xc6,0xc6,0xc6,0xc6,0xf6,0xde,0xde,0xde,0xde,0xf6,0x00,0x00,0x00,0x00], // U+042B
    [0x00,0x00,0x30,0x30,0x30,0x30,0x3c,0x36,0x36,0x36,0x36,0x3c,0x00,0x00,0x00,0x00], // U+042C
    [0x00,0x00,0xfc,0x06,0x06,0x06,0x3e,0x06,0x06,0x06,0x06,0xfc,0x00,0x00,0x00,0x00], // U+042D
    [0x00,0x00,0xcc,0xd6,0xd6,0xd6,0xf6,0xf6,0xd6,0xd6,0xd6,0xcc,0x00,0x00,0x00,0x00], // U+042E
    [0x00,0x00,0x7e,0xc6,0xc6,0xc6,0x7e,0xc6,0xc6,0xc6,0xc6,0xc6,0x00,0x00,0x00,0x00], // U+042F
    [0x00,0x00,0x00,0x00,0x00,0x7c,0x06,0x7e,0xc6,0xc6,0xc6,0x7e,0x00,0x00,0x00,0x00], // U+0430
    [0x00,0x00,0x00,0x00,0x00,0x7c,0xc0,0xfc,0xc6,0xc6,0xc6,0x7c,0x00,0x00,0x00,0x00], // U+0431
    [0x00,0x00,0x70,0xd8,0xd8,0xd8,0xfc,0xc6,0xc6,0xc6,0xc6,0x7c,0x00,0x00,0x00,0x00], // U+0432
    [0x00,0x00,0x00,0x00,0x00,0xfc,0x06,0x06,0x7c,0xc0,0xc0,0x7e,0x00,0x00,0x00,0x00], // U+0433
    [0x00,0x00,0x00,0x00,0x00,0x7e,0xc6,0xc6,0xc6,0xc6,0xc6,0x7e,0x06,0x06,0xfc,0x00], // U+0434
    [0x00,0x00,0x00,0x00,0x00,0x7e,0xc6,0xc6,0xfe,0xc0,0xc0,0x7e,0x00,0x00,0x00,0x00], // U+0435
    [0x00,0x00,0x00,0x00,0x00,0xd6,0x7c,0x38,0x38,0x7c,0xd6,0xd6,0x00,0x00,0x00,0x00], // U+0436
    [0x00,0x00,0x00,0x00,0x00,0xfc,0x06,0x06,0x3c,0x06,0x06,0xfc,0x00,0x00,0x00,0x00], // U+0437
    [0x00,0x00,0x00,0x00,0x00,0xc6,0xc6,0xc6,0xc6,0xc6,0xc6,0x7e,0x00,0x00,0x00,0x00], // U+0438
    [0x00,0x6c,0x6c,0x38,0x00,0xc6,0xc6,0xc6,0xc6,0xc6,0xc6,0x7e,0x00,0x00,0x00,0x00], // U+0439
    [0x00,0x00,0x00,0x00,0x00,0xcc,0xcc,0xd8,0xf0,0xf0,0xd8,0xcc,0x00,0x00,0x00,0x00], // U+043A
    [0x00,0x00,0x00,0x00,0x00,0x7e,0xc6,0xc6,0xc6,0xc6,0xc6,0xc6,0x00,0x00,0x00,0x00], // U+043B
    [0x00,0x00,0x00,0x00,0x00,0xc6,0xee,0xfe,0xd6,0xc6,0xc6,0xc6,0x00,0x00,0x00,0x00], // U+043C
    [0x00,0x00,0x00,0x00,0x00,0xc6,0xc6,0xc6,0xfe,0xc6,0xc6,0xc6,0x00,0x00,0x00,0x00], // U+043D
    [0x00,0x00,0x00,0x00,0x00,0x7c,0xc6,0xc6,0xc6,0xc6,0xc6,0x7c,0x00,0x00,0x00,0x00], // U+043E
    [0x00,0x00,0x00,0x00,0x00,0xfc,0xc6,0xc6,0xc6,0xc6,0xc6,0xc6,0x00,0x00,0x00,0x00], // U+043F
    [0x00,0x00,0x00,0x00,0x00,0xfc,0xc6,0xc6,0xc6,0xc6,0xc6,0xfc,0xc0,0xc0,0xc0,0x00], // U+0440
    [0x00,0x00,0x00,0x00,0x00,0x7e,0xc0,0xc0,0xc0,0xc0,0xc0,0x7e,0x00,0x00,0x00,0x00], // U+0441
    [0x00,0x00,0x00,0x00,0x00,0xec,0xd6,0xd6,0xd6,0xd6,0xc6,0xc6,0x00,0x00,0x00,0x00], // U+0442
    [0x00,0x00,0x00,0x00,0x00,0xc6,0xc6,0xc6,0xc6,0xc6,0xc6,0x7e,0x06,0x06,0xfc,0x00], // U+0443
    [0x00,0x00,0x00,0x00,0x00,0x7c,0xd6,0xd6,0xd6,0xd6,0xd6,0x7c,0x10,0x10,0x00,0x00], // U+0444
    [0x00,0x00,0x00,0x00,0x00,0xc6,0x6c,0x38,0x38,0x6c,0xc6,0xc6,0x00,0x00,0x00,0x00], // U+0445
    [0x00,0x00,0x00,0x00,0x00,0xc6,0xc6,0xc6,0xc6,0xc6,0xc6,0x7f,0x03,0x03,0x06,0x00], // U+0446
    [0x00,0x00,0x00,0x00,0x00,0xc6,0xc6,0xc6,0x7e,0x06,0x06,0x06,0x00,0x00,0x00,0x00], // U+0447
    [0x00,0x00,0x00,0x00,0x00,0xc6,0xc6,0xd6,0xd6,0xd6,0xd6,0x6e,0x00,0x00,0x00,0x00], // U+0448
    [0x00,0x00,0x00,0x00,0x00,0xc6,0xc6,0xd6,0xd6,0xd6,0xd6,0x6f,0x03,0x03,0x06,0x00], // U+0449
    [0x00,0x00,0x00,0x00,0x00,0xf0,0x30,0x3c,0x36,0x36,0x36,0x3c,0x00,0x00,0x00,0x00], // U+044A
    [0x00,0x00,0x00,0x00,0x00,0xc6,0xc6,0xf6,0xde,0xde,0xde,0xf6,0x00,0x00,0x00,0x00], // U+044B
    [0x00,0x00,0x00,0x00,0x00,0x30,0x30,0x3c,0x36,0x36,0x36,0x3c,0x00,0x00,0x00,0x00], // U+044C
    [0x00,0x00,0x00,0x00,0x00,0xfc,0x06,0x06,0x3e,0x06,0x06,0xfc,0x00,0x00,0x00,0x00], // U+044D
    [0x00,0x00,0x00,0x00,0x00,0xcc,0xd6,0xd6,0xf6,0xd6,0xd6,0xcc,0x00,0x00,0x00,0x00], // U+044E
    [0x00,0x00,0x00,0x00,0x00,0x7e,0xc6,0xc6,0x7e,0xc6,0xc6,0xc6,0x00,0x00,0x00,0x00], // U+044F
    [0x00,0x00,0x00,0x00,0x00,0x00,0x00,0x00,0x00,0x00,0x00,0x00,0x00,0x00,0x00,0x00], // U+0450
    [0x00,0x00,0x6c,0x6c,0x00,0x7e,0xc6,0xc6,0xfe,0xc0,0xc0,0x7e,0x00,0x00,0x00,0x00], // U+0451
    [0x00,0x00,0x00,0x00,0x00,0x00,0x00,0x00,0x00,0x00,0x00,0x00,0x00,0x00,0x00,0x00], // U+0452
    [0x00,0x00,0x00,0x00,0x00,0x00,0x00,0x00,0x00,0x00,0x00,0x00,0x00,0x00,0x00,0x00], // U+0453
    [0x00,0x00,0x00,0x00,0x00,0x00,0x00,0x00,0x00,0x00,0x00,0x00,0x00,0x00,0x00,0x00], // U+0454
    [0x00,0x00,0x00,0x00,0x00,0x00,0x00,0x00,0x00,0x00,0x00,0x00,0x00,0x00,0x00,0x00], // U+0455
    [0x00,0x00,0x18,0x18,0x00,0x38,0x18,0x18,0x18,0x18,0x18,0x1c,0x00,0x00,0x00,0x00], // U+0456
    [0x00,0x00,0x66,0x66,0x00,0x38,0x18,0x18,0x18,0x18,0x18,0x1c,0x00,0x00,0x00,0x00], // U+0457
    [0x00,0x00,0x00,0x00,0x00,0x00,0x00,0x00,0x00,0x00,0x00,0x00,0x00,0x00,0x00,0x00], // U+0458
    [0x00,0x00,0x00,0x00,0x00,0x00,0x00,0x00,0x00,0x00,0x00,0x00,0x00,0x00,0x00,0x00], // U+0459
    [0x00,0x00,0x00,0x00,0x00,0x00,0x00,0x00,0x00,0x00,0x00,0x00,0x00,0x00,0x00,0x00], // U+045A
    [0x00,0x00,0x00,0x00,0x00,0x00,0x00,0x00,0x00,0x00,0x00,0x00,0x00,0x00,0x00,0x00], // U+045B
    [0x00,0x00,0x00,0x00,0x00,0x00,0x00,0x00,0x00,0x00,0x00,0x00,0x00,0x00,0x00,0x00], // U+045C
    [0x00,0x00,0x00,0x00,0x00,0x00,0x00,0x00,0x00,0x00,0x00,0x00,0x00,0x00,0x00,0x00], // U+045D
    [0x00,0x6c,0x6c,0x38,0x00,0xc6,0xc6,0xc6,0xc6,0xc6,0xc6,0x7e,0x06,0x06,0xfc,0x00], // U+045E
];

#[rustfmt::skip]
static R_0490_0491: [[u8; 16]; 2] = [
    [0x00,0x00,0x06,0x06,0x7c,0xc0,0xc0,0xc0,0xc0,0xc0,0xc0,0xc0,0x00,0x00,0x00,0x00], // U+0490
    [0x00,0x00,0x00,0x00,0x06,0x06,0x7c,0xc0,0xc0,0xc0,0xc0,0xc0,0x00,0x00,0x00,0x00], // U+0491
];

#[rustfmt::skip]
static R_2016_2026: [[u8; 16]; 17] = [
    [0x00,0x66,0x66,0x66,0x66,0x66,0x66,0x66,0x66,0x66,0x66,0x66,0x66,0x00,0x00,0x00], // U+2016
    [0x00,0x00,0x00,0x00,0x00,0x00,0x00,0x00,0x00,0x00,0x00,0x00,0x00,0x00,0x00,0x00], // U+2017
    [0x00,0x18,0x18,0x18,0x18,0x00,0x00,0x00,0x00,0x00,0x00,0x00,0x00,0x00,0x00,0x00], // U+2018
    [0x00,0x18,0x18,0x18,0x18,0x00,0x00,0x00,0x00,0x00,0x00,0x00,0x00,0x00,0x00,0x00], // U+2019
    [0x00,0x00,0x00,0x00,0x00,0x00,0x00,0x00,0x00,0x00,0x00,0x00,0x00,0x00,0x00,0x00], // U+201A
    [0x00,0x00,0x00,0x00,0x00,0x00,0x00,0x00,0x00,0x00,0x00,0x00,0x00,0x00,0x00,0x00], // U+201B
    [0x00,0x66,0x66,0x66,0x66,0x00,0x00,0x00,0x00,0x00,0x00,0x00,0x00,0x00,0x00,0x00], // U+201C
    [0x00,0x66,0x66,0x66,0x66,0x00,0x00,0x00,0x00,0x00,0x00,0x00,0x00,0x00,0x00,0x00], // U+201D
    [0x00,0x00,0x00,0x00,0x00,0x00,0x00,0x00,0x00,0x00,0x00,0x00,0x00,0x00,0x00,0x00], // U+201E
    [0x00,0x00,0x00,0x00,0x00,0x00,0x00,0x00,0x00,0x00,0x00,0x00,0x00,0x00,0x00,0x00], // U+201F
    [0x00,0x00,0x00,0x00,0x00,0x00,0x00,0x00,0x00,0x00,0x00,0x00,0x00,0x00,0x00,0x00], // U+2020
    [0x00,0x00,0x00,0x00,0x00,0x00,0x00,0x00,0x00,0x00,0x00,0x00,0x00,0x00,0x00,0x00], // U+2021
    [0x00,0x00,0x00,0x00,0x00,0x00,0x18,0x3c,0x3c,0x18,0x00,0x00,0x00,0x00,0x00,0x00], // U+2022
    [0x00,0x00,0x00,0x00,0x00,0x00,0x00,0x00,0x00,0x00,0x00,0x00,0x00,0x00,0x00,0x00], // U+2023
    [0x00,0x00,0x00,0x00,0x00,0x00,0x00,0x00,0x00,0x00,0x00,0x00,0x00,0x00,0x00,0x00], // U+2024
    [0x00,0x00,0x00,0x00,0x00,0x00,0x00,0x00,0x00,0x00,0x00,0x00,0x00,0x00,0x00,0x00], // U+2025
    [0x00,0x00,0x00,0x00,0x00,0x00,0x00,0x00,0x00,0x00,0xdb,0xdb,0x00,0x00,0x00,0x00], // U+2026
];

#[rustfmt::skip]
static R_2039_203C: [[u8; 16]; 4] = [
    [0x00,0x00,0x00,0x00,0x00,0x00,0x0c,0x18,0x30,0x18,0x0c,0x00,0x00,0x00,0x00,0x00], // U+2039
    [0x00,0x00,0x00,0x00,0x00,0x00,0x30,0x18,0x0c,0x18,0x30,0x00,0x00,0x00,0x00,0x00], // U+203A
    [0x00,0x00,0x00,0x00,0x00,0x00,0x00,0x00,0x00,0x00,0x00,0x00,0x00,0x00,0x00,0x00], // U+203B
    [0x00,0x00,0x66,0x66,0x66,0x66,0x66,0x66,0x66,0x00,0x66,0x66,0x00,0x00,0x00,0x00], // U+203C
];

#[rustfmt::skip]
static R_207F_207F: [[u8; 16]; 1] = [
    [0x00,0x78,0x6c,0x6c,0x6c,0x6c,0x6c,0x00,0x00,0x00,0x00,0x00,0x00,0x00,0x00,0x00], // U+207F
];

#[rustfmt::skip]
static R_20A7_20AC: [[u8; 16]; 6] = [
    [0x00,0xf8,0xcc,0xcc,0xf8,0xc0,0xcc,0xde,0xcc,0xcc,0xcc,0xc6,0x00,0x00,0x00,0x00], // U+20A7
    [0x00,0x00,0x00,0x00,0x00,0x00,0x00,0x00,0x00,0x00,0x00,0x00,0x00,0x00,0x00,0x00], // U+20A8
    [0x00,0x00,0x00,0x00,0x00,0x00,0x00,0x00,0x00,0x00,0x00,0x00,0x00,0x00,0x00,0x00], // U+20A9
    [0x00,0x00,0x00,0x00,0x00,0x00,0x00,0x00,0x00,0x00,0x00,0x00,0x00,0x00,0x00,0x00], // U+20AA
    [0x00,0x00,0x00,0x00,0x00,0x00,0x00,0x00,0x00,0x00,0x00,0x00,0x00,0x00,0x00,0x00], // U+20AB
    [0x00,0x00,0x00,0x1c,0x36,0x60,0xf8,0x60,0xf8,0x60,0x36,0x1c,0x00,0x00,0x00,0x00], // U+20AC
];

#[rustfmt::skip]
static R_2190_2195: [[u8; 16]; 6] = [
    [0x00,0x00,0x00,0x00,0x00,0x20,0x40,0xfe,0x40,0x20,0x00,0x00,0x00,0x00,0x00,0x00], // U+2190
    [0x00,0x00,0x18,0x3c,0x5a,0x18,0x18,0x18,0x18,0x18,0x18,0x18,0x00,0x00,0x00,0x00], // U+2191
    [0x00,0x00,0x00,0x00,0x00,0x08,0x04,0xfe,0x04,0x08,0x00,0x00,0x00,0x00,0x00,0x00], // U+2192
    [0x00,0x00,0x18,0x18,0x18,0x18,0x18,0x18,0x18,0x5a,0x3c,0x18,0x00,0x00,0x00,0x00], // U+2193
    [0x00,0x00,0x00,0x00,0x00,0x28,0x44,0xfe,0x44,0x28,0x00,0x00,0x00,0x00,0x00,0x00], // U+2194
    [0x00,0x00,0x18,0x3c,0x5a,0x18,0x18,0x18,0x18,0x5a,0x3c,0x18,0x00,0x00,0x00,0x00], // U+2195
];

#[rustfmt::skip]
static R_21A8_21A8: [[u8; 16]; 1] = [
    [0x00,0x00,0x18,0x3c,0x5a,0x18,0x18,0x18,0x18,0x5a,0x3c,0x18,0x7e,0x00,0x00,0x00], // U+21A8
];

#[rustfmt::skip]
static R_2219_221E: [[u8; 16]; 6] = [
    [0x00,0x00,0x00,0x00,0x00,0x00,0x38,0x38,0x38,0x00,0x00,0x00,0x00,0x00,0x00,0x00], // U+2219
    [0x00,0x0f,0x0c,0x0c,0x0c,0x0c,0x0c,0xcc,0x6c,0x3c,0x1c,0x0c,0x00,0x00,0x00,0x00], // U+221A
    [0x00,0x00,0x00,0x00,0x00,0x00,0x00,0x00,0x00,0x00,0x00,0x00,0x00,0x00,0x00,0x00], // U+221B
    [0x00,0x00,0x00,0x00,0x00,0x00,0x00,0x00,0x00,0x00,0x00,0x00,0x00,0x00,0x00,0x00], // U+221C
    [0x00,0x00,0x00,0x00,0x00,0x00,0x00,0x00,0x00,0x00,0x00,0x00,0x00,0x00,0x00,0x00], // U+221D
    [0x00,0x00,0x00,0x00,0x00,0x7e,0xdb,0xdb,0xdb,0x7e,0x00,0x00,0x00,0x00,0x00,0x00], // U+221E
];

#[rustfmt::skip]
static R_2229_222A: [[u8; 16]; 2] = [
    [0x00,0x00,0x00,0x7c,0xc6,0xc6,0xc6,0xc6,0xc6,0xc6,0xc6,0xc6,0x00,0x00,0x00,0x00], // U+2229
    [0x00,0x00,0x00,0xc6,0xc6,0xc6,0xc6,0xc6,0xc6,0xc6,0xc6,0x7c,0x00,0x00,0x00,0x00], // U+222A
];

#[rustfmt::skip]
static R_2248_2248: [[u8; 16]; 1] = [
    [0x00,0x00,0x00,0x00,0x00,0x32,0x4c,0x00,0x32,0x4c,0x00,0x00,0x00,0x00,0x00,0x00], // U+2248
];

#[rustfmt::skip]
static R_2261_2265: [[u8; 16]; 5] = [
    [0x00,0x00,0x00,0x00,0x7e,0x00,0x00,0x7e,0x00,0x00,0x7e,0x00,0x00,0x00,0x00,0x00], // U+2261
    [0x00,0x00,0x00,0x00,0x00,0x00,0x00,0x00,0x00,0x00,0x00,0x00,0x00,0x00,0x00,0x00], // U+2262
    [0x00,0x00,0x00,0x00,0x00,0x00,0x00,0x00,0x00,0x00,0x00,0x00,0x00,0x00,0x00,0x00], // U+2263
    [0x00,0x00,0x00,0x00,0x00,0x0c,0x18,0x30,0x18,0x0c,0x00,0x3c,0x00,0x00,0x00,0x00], // U+2264
    [0x00,0x00,0x00,0x00,0x00,0x30,0x18,0x0c,0x18,0x30,0x00,0x3c,0x00,0x00,0x00,0x00], // U+2265
];

#[rustfmt::skip]
static R_2302_2302: [[u8; 16]; 1] = [
    [0x00,0x00,0x00,0x00,0x10,0x38,0x6c,0xc6,0xc6,0xc6,0xfe,0x00,0x00,0x00,0x00,0x00], // U+2302
];

#[rustfmt::skip]
static R_2310_2321: [[u8; 16]; 18] = [
    [0x00,0x00,0x00,0x00,0x00,0x00,0xfe,0xc0,0xc0,0xc0,0x00,0x00,0x00,0x00,0x00,0x00], // U+2310
    [0x00,0x00,0x00,0x00,0x00,0x00,0x00,0x00,0x00,0x00,0x00,0x00,0x00,0x00,0x00,0x00], // U+2311
    [0x00,0x00,0x00,0x00,0x00,0x00,0x00,0x00,0x00,0x00,0x00,0x00,0x00,0x00,0x00,0x00], // U+2312
    [0x00,0x00,0x00,0x00,0x00,0x00,0x00,0x00,0x00,0x00,0x00,0x00,0x00,0x00,0x00,0x00], // U+2313
    [0x00,0x00,0x00,0x00,0x00,0x00,0x00,0x00,0x00,0x00,0x00,0x00,0x00,0x00,0x00,0x00], // U+2314
    [0x00,0x00,0x00,0x00,0x00,0x00,0x00,0x00,0x00,0x00,0x00,0x00,0x00,0x00,0x00,0x00], // U+2315
    [0x00,0x00,0x00,0x00,0x00,0x00,0x00,0x00,0x00,0x00,0x00,0x00,0x00,0x00,0x00,0x00], // U+2316
    [0x00,0x00,0x00,0x00,0x00,0x00,0x00,0x00,0x00,0x00,0x00,0x00,0x00,0x00,0x00,0x00], // U+2317
    [0x00,0x00,0x00,0x00,0x00,0x00,0x00,0x00,0x00,0x00,0x00,0x00,0x00,0x00,0x00,0x00], // U+2318
    [0x00,0x00,0x00,0x00,0x00,0x00,0xc0,0xc0,0xc0,0xfe,0x00,0x00,0x00,0x00,0x00,0x00], // U+2319
    [0x00,0x00,0x00,0x00,0x00,0x00,0x00,0x00,0x00,0x00,0x00,0x00,0x00,0x00,0x00,0x00], // U+231A
    [0x00,0x00,0x00,0x00,0x00,0x00,0x00,0x00,0x00,0x00,0x00,0x00,0x00,0x00,0x00,0x00], // U+231B
    [0x00,0x00,0x00,0x00,0x00,0x00,0x00,0x00,0x00,0x00,0x00,0x00,0x00,0x00,0x00,0x00], // U+231C
    [0x00,0x00,0x00,0x00,0x00,0x00,0x00,0x00,0x00,0x00,0x00,0x00,0x00,0x00,0x00,0x00], // U+231D
    [0x00,0x00,0x00,0x00,0x00,0x00,0x00,0x00,0x00,0x00,0x00,0x00,0x00,0x00,0x00,0x00], // U+231E
    [0x00,0x00,0x00,0x00,0x00,0x00,0x00,0x00,0x00,0x00,0x00,0x00,0x00,0x00,0x00,0x00], // U+231F
    [0x00,0x00,0x0e,0x1b,0x1b,0x18,0x18,0x18,0x18,0x18,0x18,0x18,0x18,0x18,0x18,0x18], // U+2320
    [0x18,0x18,0x18,0x18,0x18,0x18,0x18,0x18,0x18,0xd8,0xd8,0x70,0x00,0x00,0x00,0x00], // U+2321
];

#[rustfmt::skip]
static R_2500_25A0: [[u8; 16]; 161] = [
    [0x00,0x00,0x00,0x00,0x00,0x00,0x00,0xff,0x00,0x00,0x00,0x00,0x00,0x00,0x00,0x00], // U+2500
    [0x00,0x00,0x00,0x00,0x00,0x00,0x00,0xff,0xff,0x00,0x00,0x00,0x00,0x00,0x00,0x00], // U+2501
    [0x18,0x18,0x18,0x18,0x18,0x18,0x18,0x18,0x18,0x18,0x18,0x18,0x18,0x18,0x18,0x18], // U+2502
    [0x1c,0x1c,0x1c,0x1c,0x1c,0x1c,0x1c,0x1c,0x1c,0x1c,0x1c,0x1c,0x1c,0x1c,0x1c,0x1c], // U+2503
    [0x00,0x00,0x00,0x00,0x00,0x00,0x00,0xdb,0x00,0x00,0x00,0x00,0x00,0x00,0x00,0x00], // U+2504
    [0x00,0x00,0x00,0x00,0x00,0x00,0x00,0xdb,0xdb,0x00,0x00,0x00,0x00,0x00,0x00,0x00], // U+2505
    [0x00,0x18,0x18,0x18,0x00,0x00,0x18,0x18,0x18,0x00,0x00,0x18,0x18,0x18,0x00,0x00], // U+2506
    [0x00,0x1c,0x1c,0x1c,0x00,0x00,0x1c,0x1c,0x1c,0x00,0x00,0x1c,0x1c,0x1c,0x00,0x00], // U+2507
    [0x00,0x00,0x00,0x00,0x00,0x00,0x00,0xaa,0x00,0x00,0x00,0x00,0x00,0x00,0x00,0x00], // U+2508
    [0x00,0x00,0x00,0x00,0x00,0x00,0x00,0xaa,0xaa,0x00,0x00,0x00,0x00,0x00,0x00,0x00], // U+2509
    [0x00,0x18,0x18,0x00,0x00,0x18,0x18,0x00,0x00,0x18,0x18,0x00,0x00,0x18,0x18,0x00], // U+250A
    [0x00,0x1c,0x1c,0x00,0x00,0x1c,0x1c,0x00,0x00,0x1c,0x1c,0x00,0x00,0x1c,0x1c,0x00], // U+250B
    [0x00,0x00,0x00,0x00,0x00,0x00,0x00,0x1f,0x18,0x18,0x18,0x18,0x18,0x18,0x18,0x18], // U+250C
    [0x00,0x00,0x00,0x00,0x00,0x00,0x00,0x1f,0x1f,0x18,0x18,0x18,0x18,0x18,0x18,0x18], // U+250D
    [0x00,0x00,0x00,0x00,0x00,0x00,0x00,0x1f,0x1c,0x1c,0x1c,0x1c,0x1c,0x1c,0x1c,0x1c], // U+250E
    [0x00,0x00,0x00,0x00,0x00,0x00,0x00,0x1f,0x1f,0x1c,0x1c,0x1c,0x1c,0x1c,0x1c,0x1c], // U+250F
    [0x00,0x00,0x00,0x00,0x00,0x00,0x00,0xf8,0x18,0x18,0x18,0x18,0x18,0x18,0x18,0x18], // U+2510
    [0x00,0x00,0x00,0x00,0x00,0x00,0x00,0xf8,0xf8,0x18,0x18,0x18,0x18,0x18,0x18,0x18], // U+2511
    [0x00,0x00,0x00,0x00,0x00,0x00,0x00,0xfc,0x1c,0x1c,0x1c,0x1c,0x1c,0x1c,0x1c,0x1c], // U+2512
    [0x00,0x00,0x00,0x00,0x00,0x00,0x00,0xfc,0xfc,0x1c,0x1c,0x1c,0x1c,0x1c,0x1c,0x1c], // U+2513
    [0x18,0x18,0x18,0x18,0x18,0x18,0x18,0x1f,0x00,0x00,0x00,0x00,0x00,0x00,0x00,0x00], // U+2514
    [0x18,0x18,0x18,0x18,0x18,0x18,0x18,0x1f,0x1f,0x00,0x00,0x00,0x00,0x00,0x00,0x00], // U+2515
    [0x1c,0x1c,0x1c,0x1c,0x1c,0x1c,0x1c,0x1f,0x00,0x00,0x00,0x00,0x00,0x00,0x00,0x00], // U+2516
    [0x1c,0x1c,0x1c,0x1c,0x1c,0x1c,0x1c,0x1f,0x1f,0x00,0x00,0x00,0x00,0x00,0x00,0x00], // U+2517
    [0x18,0x18,0x18,0x18,0x18,0x18,0x18,0xf8,0x00,0x00,0x00,0x00,0x00,0x00,0x00,0x00], // U+2518
    [0x18,0x18,0x18,0x18,0x18,0x18,0x18,0xf8,0xf8,0x00,0x00,0x00,0x00,0x00,0x00,0x00], // U+2519
    [0x1c,0x1c,0x1c,0x1c,0x1c,0x1c,0x1c,0xfc,0x00,0x00,0x00,0x00,0x00,0x00,0x00,0x00], // U+251A
    [0x1c,0x1c,0x1c,0x1c,0x1c,0x1c,0x1c,0xfc,0xfc,0x00,0x00,0x00,0x00,0x00,0x00,0x00], // U+251B
    [0x18,0x18,0x18,0x18,0x18,0x18,0x18,0x1f,0x18,0x18,0x18,0x18,0x18,0x18,0x18,0x18], // U+251C
    [0x18,0x18,0x18,0x18,0x18,0x18,0x18,0x1f,0x1f,0x18,0x18,0x18,0x18,0x18,0x18,0x18], // U+251D
    [0x1c,0x1c,0x1c,0x1c,0x1c,0x1c,0x1c,0x1f,0x18,0x18,0x18,0x18,0x18,0x18,0x18,0x18], // U+251E
    [0x18,0x18,0x18,0x18,0x18,0x18,0x18,0x1f,0x1c,0x1c,0x1c,0x1c,0x1c,0x1c,0x1c,0x1c], // U+251F
    [0x1c,0x1c,0x1c,0x1c,0x1c,0x1c,0x1c,0x1f,0x1c,0x1c,0x1c,0x1c,0x1c,0x1c,0x1c,0x1c], // U+2520
    [0x1c,0x1c,0x1c,0x1c,0x1c,0x1c,0x1c,0x1f,0x1f,0x18,0x18,0x18,0x18,0x18,0x18,0x18], // U+2521
    [0x18,0x18,0x18,0x18,0x18,0x18,0x18,0x1f,0x1f,0x1c,0x1c,0x1c,0x1c,0x1c,0x1c,0x1c], // U+2522
    [0x1c,0x1c,0x1c,0x1c,0x1c,0x1c,0x1c,0x1f,0x1f,0x1c,0x1c,0x1c,0x1c,0x1c,0x1c,0x1c], // U+2523
    [0x18,0x18,0x18,0x18,0x18,0x18,0x18,0xf8,0x18,0x18,0x18,0x18,0x18,0x18,0x18,0x18], // U+2524
    [0x18,0x18,0x18,0x18,0x18,0x18,0x18,0xf8,0xf8,0x18,0x18,0x18,0x18,0x18,0x18,0x18], // U+2525
    [0x1c,0x1c,0x1c,0x1c,0x1c,0x1c,0x1c,0xfc,0x18,0x18,0x18,0x18,0x18,0x18,0x18,0x18], // U+2526
    [0x18,0x18,0x18,0x18,0x18,0x18,0x18,0xfc,0x1c,0x1c,0x1c,0x1c,0x1c,0x1c,0x1c,0x1c], // U+2527
    [0x1c,0x1c,0x1c,0x1c,0x1c,0x1c,0x1c,0xfc,0x1c,0x1c,0x1c,0x1c,0x1c,0x1c,0x1c,0x1c], // U+2528
    [0x1c,0x1c,0x1c,0x1c,0x1c,0x1c,0x1c,0xfc,0xfc,0x18,0x18,0x18,0x18,0x18,0x18,0x18], // U+2529
    [0x18,0x18,0x18,0x18,0x18,0x18,0x18,0xfc,0xfc,0x1c,0x1c,0x1c,0x1c,0x1c,0x1c,0x1c], // U+252A
    [0x1c,0x1c,0x1c,0x1c,0x1c,0x1c,0x1c,0xfc,0xfc,0x1c,0x1c,0x1c,0x1c,0x1c,0x1c,0x1c], // U+252B
    [0x00,0x00,0x00,0x00,0x00,0x00,0x00,0xff,0x18,0x18,0x18,0x18,0x18,0x18,0x18,0x18], // U+252C
    [0x00,0x00,0x00,0x00,0x00,0x00,0x00,0xf8,0xff,0x18,0x18,0x18,0x18,0x18,0x18,0x18], // U+252D
    [0x00,0x00,0x00,0x00,0x00,0x00,0x00,0x1f,0xff,0x18,0x18,0x18,0x18,0x18,0x18,0x18], // U+252E
    [0x00,0x00,0x00,0x00,0x00,0x00,0x00,0xff,0xff,0x18,0x18,0x18,0x18,0x18,0x18,0x18], // U+252F
    [0x00,0x00,0x00,0x00,0x00,0x00,0x00,0xff,0x1c,0x1c,0x1c,0x1c,0x1c,0x1c,0x1c,0x1c], // U+2530
    [0x00,0x00,0x00,0x00,0x00,0x00,0x00,0xff,0xfc,0x1c,0x1c,0x1c,0x1c,0x1c,0x1c,0x1c], // U+2531
    [0x00,0x00,0x00,0x00,0x00,0x00,0x00,0xff,0x1f,0x1c,0x1c,0x1c,0x1c,0x1c,0x1c,0x1c], // U+2532
    [0x00,0x00,0x00,0x00,0x00,0x00,0x00,0xff,0xff,0x1c,0x1c,0x1c,0x1c,0x1c,0x1c,0x1c], // U+2533
    [0x18,0x18,0x18,0x18,0x18,0x18,0x18,0xff,0x00,0x00,0x00,0x00,0x00,0x00,0x00,0x00], // U+2534
    [0x18,0x18,0x18,0x18,0x18,0x18,0x18,0xff,0xf8,0x00,0x00,0x00,0x00,0x00,0x00,0x00], // U+2535
    [0x18,0x18,0x18,0x18,0x18,0x18,0x18,0xff,0x1f,0x00,0x00,0x00,0x00,0x00,0x00,0x00], // U+2536
    [0x18,0x18,0x18,0x18,0x18,0x18,0x18,0xff,0xff,0x00,0x00,0x00,0x00,0x00,0x00,0x00], // U+2537
    [0x1c,0x1c,0x1c,0x1c,0x1c,0x1c,0x1c,0xff,0x00,0x00,0x00,0x00,0x00,0x00,0x00,0x00], // U+2538
    [0x1c,0x1c,0x1c,0x1c,0x1c,0x1c,0x1c,0xff,0xfc,0x00,0x00,0x00,0x00,0x00,0x00,0x00], // U+2539
    [0x1c,0x1c,0x1c,0x1c,0x1c,0x1c,0x1c,0xff,0x1f,0x00,0x00,0x00,0x00,0x00,0x00,0x00], // U+253A
    [0x1c,0x1c,0x1c,0x1c,0x1c,0x1c,0x1c,0xff,0xff,0x00,0x00,0x00,0x00,0x00,0x00,0x00], // U+253B
    [0x18,0x18,0x18,0x18,0x18,0x18,0x18,0xff,0x18,0x18,0x18,0x18,0x18,0x18,0x18,0x18], // U+253C
    [0x18,0x18,0x18,0x18,0x18,0x18,0x18,0xff,0xf8,0x18,0x18,0x18,0x18,0x18,0x18,0x18], // U+253D
    [0x18,0x18,0x18,0x18,0x18,0x18,0x18,0xff,0x1f,0x18,0x18,0x18,0x18,0x18,0x18,0x18], // U+253E
    [0x18,0x18,0x18,0x18,0x18,0x18,0x18,0xff,0xff,0x18,0x18,0x18,0x18,0x18,0x18,0x18], // U+253F
    [0x1c,0x1c,0x1c,0x1c,0x1c,0x1c,0x1c,0xff,0x18,0x18,0x18,0x18,0x18,0x18,0x18,0x18], // U+2540
    [0x18,0x18,0x18,0x18,0x18,0x18,0x18,0xff,0x1c,0x1c,0x1c,0x1c,0x1c,0x1c,0x1c,0x1c], // U+2541
    [0x1c,0x1c,0x1c,0x1c,0x1c,0x1c,0x1c,0xff,0x1c,0x1c,0x1c,0x1c,0x1c,0x1c,0x1c,0x1c], // U+2542
    [0x1c,0x1c,0x1c,0x1c,0x1c,0x1c,0x1c,0xff,0xf8,0x18,0x18,0x18,0x18,0x18,0x18,0x18], // U+2543
    [0x1c,0x1c,0x1c,0x1c,0x1c,0x1c,0x1c,0xff,0x1f,0x18,0x18,0x18,0x18,0x18,0x18,0x18], // U+2544
    [0x18,0x18,0x18,0x18,0x18,0x18,0x18,0xff,0xfc,0x1c,0x1c,0x1c,0x1c,0x1c,0x1c,0x1c], // U+2545
    [0x18,0x18,0x18,0x18,0x18,0x18,0x18,0xff,0x1f,0x1c,0x1c,0x1c,0x1c,0x1c,0x1c,0x1c], // U+2546
    [0x1c,0x1c,0x1c,0x1c,0x1c,0x1c,0x1c,0xff,0xff,0x18,0x18,0x18,0x18,0x18,0x18,0x18], // U+2547
    [0x18,0x18,0x18,0x18,0x18,0x18,0x18,0xff,0xff,0x1c,0x1c,0x1c,0x1c,0x1c,0x1c,0x1c], // U+2548
    [0x1c,0x1c,0x1c,0x1c,0x1c,0x1c,0x1c,0xff,0xfc,0x1c,0x1c,0x1c,0x1c,0x1c,0x1c,0x1c], // U+2549
    [0x1c,0x1c,0x1c,0x1c,0x1c,0x1c,0x1c,0xff,0x1f,0x1c,0x1c,0x1c,0x1c,0x1c,0x1c,0x1c], // U+254A
    [0x1c,0x1c,0x1c,0x1c,0x1c,0x1c,0x1c,0xff,0xff,0x1c,0x1c,0x1c,0x1c,0x1c,0x1c,0x1c], // U+254B
    [0x00,0x00,0x00,0x00,0x00,0x00,0x00,0xee,0x00,0x00,0x00,0x00,0x00,0x00,0x00,0x00], // U+254C
    [0x00,0x00,0x00,0x00,0x00,0x00,0x00,0xee,0xee,0x00,0x00,0x00,0x00,0x00,0x00,0x00], // U+254D
    [0x00,0x18,0x18,0x18,0x18,0x18,0x18,0x00,0x00,0x18,0x18,0x18,0x18,0x18,0x18,0x00], // U+254E
    [0x00,0x1c,0x1c,0x1c,0x1c,0x1c,0x1c,0x00,0x00,0x1c,0x1c,0x1c,0x1c,0x1c,0x1c,0x00], // U+254F
    [0x00,0x00,0x00,0x00,0x00,0x00,0xff,0x00,0xff,0x00,0x00,0x00,0x00,0x00,0x00,0x00], // U+2550
    [0x36,0x36,0x36,0x36,0x36,0x36,0x36,0x36,0x36,0x36,0x36,0x36,0x36,0x36,0x36,0x36], // U+2551
    [0x00,0x00,0x00,0x00,0x00,0x00,0x1f,0x18,0x1f,0x18,0x18,0x18,0x18,0x18,0x18,0x18], // U+2552
    [0x00,0x00,0x00,0x00,0x00,0x00,0x00,0x3f,0x36,0x36,0x36,0x36,0x36,0x36,0x36,0x36], // U+2553
    [0x00,0x00,0x00,0x00,0x00,0x00,0x3f,0x30,0x37,0x36,0x36,0x36,0x36,0x36,0x36,0x36], // U+2554
    [0x00,0x00,0x00,0x00,0x00,0x00,0xf8,0x18,0xf8,0x18,0x18,0x18,0x18,0x18,0x18,0x18], // U+2555
    [0x00,0x00,0x00,0x00,0x00,0x00,0x00,0xfe,0x36,0x36,0x36,0x36,0x36,0x36,0x36,0x36], // U+2556
    [0x00,0x00,0x00,0x00,0x00,0x00,0xfe,0x06,0xf6,0x36,0x36,0x36,0x36,0x36,0x36,0x36], // U+2557
    [0x18,0x18,0x18,0x18,0x18,0x18,0x1f,0x18,0x1f,0x00,0x00,0x00,0x00,0x00,0x00,0x00], // U+2558
    [0x36,0x36,0x36,0x36,0x36,0x36,0x36,0x3f,0x00,0x00,0x00,0x00,0x00,0x00,0x00,0x00], // U+2559
    [0x36,0x36,0x36,0x36,0x36,0x36,0x37,0x30,0x3f,0x00,0x00,0x00,0x00,0x00,0x00,0x00], // U+255A
    [0x18,0x18,0x18,0x18,0x18,0x18,0xf8,0x18,0xf8,0x00,0x00,0x00,0x00,0x00,0x00,0x00], // U+255B
    [0x36,0x36,0x36,0x36,0x36,0x36,0x36,0xfe,0x00,0x00,0x00,0x00,0x00,0x00,0x00,0x00], // U+255C
    [0x36,0x36,0x36,0x36,0x36,0x36,0xf6,0x06,0xfe,0x00,0x00,0x00,0x00,0x00,0x00,0x00], // U+255D
    [0x18,0x18,0x18,0x18,0x18,0x18,0x1f,0x18,0x1f,0x18,0x18,0x18,0x18,0x18,0x18,0x18], // U+255E
    [0x36,0x36,0x36,0x36,0x36,0x36,0x36,0x37,0x36,0x36,0x36,0x36,0x36,0x36,0x36,0x36], // U+255F
    [0x36,0x36,0x36,0x36,0x36,0x36,0x37,0x30,0x37,0x36,0x36,0x36,0x36,0x36,0x36,0x36], // U+2560
    [0x18,0x18,0x18,0x18,0x18,0x18,0xf8,0x18,0xf8,0x18,0x18,0x18,0x18,0x18,0x18,0x18], // U+2561
    [0x36,0x36,0x36,0x36,0x36,0x36,0x36,0xf6,0x36,0x36,0x36,0x36,0x36,0x36,0x36,0x36], // U+2562
    [0x36,0x36,0x36,0x36,0x36,0x36,0xf6,0x06,0xf6,0x36,0x36,0x36,0x36,0x36,0x36,0x36], // U+2563
    [0x00,0x00,0x00,0x00,0x00,0x00,0xff,0x00,0xff,0x18,0x18,0x18,0x18,0x18,0x18,0x18], // U+2564
    [0x00,0x00,0x00,0x00,0x00,0x00,0x00,0xff,0x36,0x36,0x36,0x36,0x36,0x36,0x36,0x36], // U+2565
    [0x00,0x00,0x00,0x00,0x00,0x00,0xff,0x00,0xf7,0x36,0x36,0x36,0x36,0x36,0x36,0x36], // U+2566
    [0x18,0x18,0x18,0x18,0x18,0x18,0xff,0x00,0xff,0x00,0x00,0x00,0x00,0x00,0x00,0x00], // U+2567
    [0x36,0x36,0x36,0x36,0x36,0x36,0x36,0xff,0x00,0x00,0x00,0x00,0x00,0x00,0x00,0x00], // U+2568
    [0x36,0x36,0x36,0x36,0x36,0x36,0xf7,0x00,0xff,0x00,0x00,0x00,0x00,0x00,0x00,0x00], // U+2569
    [0x18,0x18,0x18,0x18,0x18,0x18,0xff,0x18,0xff,0x18,0x18,0x18,0x18,0x18,0x18,0x18], // U+256A
    [0x36,0x36,0x36,0x36,0x36,0x36,0x36,0xff,0x36,0x36,0x36,0x36,0x36,0x36,0x36,0x36], // U+256B
    [0x36,0x36,0x36,0x36,0x36,0x36,0xf7,0x00,0xf7,0x36,0x36,0x36,0x36,0x36,0x36,0x36], // U+256C
    [0x00,0x00,0x00,0x00,0x00,0x00,0x00,0x0f,0x18,0x18,0x18,0x18,0x18,0x18,0x18,0x18], // U+256D
    [0x00,0x00,0x00,0x00,0x00,0x00,0x00,0xf0,0x18,0x18,0x18,0x18,0x18,0x18,0x18,0x18], // U+256E
    [0x18,0x18,0x18,0x18,0x18,0x18,0x18,0xf0,0x00,0x00,0x00,0x00,0x00,0x00,0x00,0x00], // U+256F
    [0x18,0x18,0x18,0x18,0x18,0x18,0x18,0x0f,0x00,0x00,0x00,0x00,0x00,0x00,0x00,0x00], // U+2570
    [0x01,0x03,0x03,0x06,0x06,0x0c,0x0c,0x18,0x18,0x30,0x30,0x60,0x60,0xc0,0xc0,0x80], // U+2571
    [0x80,0xc0,0xc0,0x60,0x60,0x30,0x30,0x18,0x18,0x0c,0x0c,0x06,0x06,0x03,0x03,0x01], // U+2572
    [0x81,0xc3,0xc3,0x66,0x66,0x3c,0x3c,0x18,0x18,0x3c,0x3c,0x66,0x66,0xc3,0xc3,0x81], // U+2573
    [0x00,0x00,0x00,0x00,0x00,0x00,0x00,0xf0,0x00,0x00,0x00,0x00,0x00,0x00,0x00,0x00], // U+2574
    [0x18,0x18,0x18,0x18,0x18,0x18,0x18,0x18,0x00,0x00,0x00,0x00,0x00,0x00,0x00,0x00], // U+2575
    [0x00,0x00,0x00,0x00,0x00,0x00,0x00,0x0f,0x00,0x00,0x00,0x00,0x00,0x00,0x00,0x00], // U+2576
    [0x00,0x00,0x00,0x00,0x00,0x00,0x00,0x00,0x18,0x18,0x18,0x18,0x18,0x18,0x18,0x18], // U+2577
    [0x00,0x00,0x00,0x00,0x00,0x00,0x00,0xf0,0xf0,0x00,0x00,0x00,0x00,0x00,0x00,0x00], // U+2578
    [0x1c,0x1c,0x1c,0x1c,0x1c,0x1c,0x1c,0x1c,0x00,0x00,0x00,0x00,0x00,0x00,0x00,0x00], // U+2579
    [0x00,0x00,0x00,0x00,0x00,0x00,0x00,0x0f,0x0f,0x00,0x00,0x00,0x00,0x00,0x00,0x00], // U+257A
    [0x00,0x00,0x00,0x00,0x00,0x00,0x00,0x00,0x1c,0x1c,0x1c,0x1c,0x1c,0x1c,0x1c,0x1c], // U+257B
    [0x00,0x00,0x00,0x00,0x00,0x00,0x00,0xff,0x0f,0x00,0x00,0x00,0x00,0x00,0x00,0x00], // U+257C
    [0x18,0x18,0x18,0x18,0x18,0x18,0x18,0x18,0x1c,0x1c,0x1c,0x1c,0x1c,0x1c,0x1c,0x1c], // U+257D
    [0x00,0x00,0x00,0x00,0x00,0x00,0x00,0xff,0xf0,0x00,0x00,0x00,0x00,0x00,0x00,0x00], // U+257E
    [0x1c,0x1c,0x1c,0x1c,0x1c,0x1c,0x1c,0x1c,0x18,0x18,0x18,0x18,0x18,0x18,0x18,0x18], // U+257F
    [0xff,0xff,0xff,0xff,0xff,0xff,0xff,0xff,0x00,0x00,0x00,0x00,0x00,0x00,0x00,0x00], // U+2580
    [0x00,0x00,0x00,0x00,0x00,0x00,0x00,0x00,0x00,0x00,0x00,0x00,0x00,0x00,0xff,0xff], // U+2581
    [0x00,0x00,0x00,0x00,0x00,0x00,0x00,0x00,0x00,0x00,0x00,0x00,0xff,0xff,0xff,0xff], // U+2582
    [0x00,0x00,0x00,0x00,0x00,0x00,0x00,0x00,0x00,0x00,0xff,0xff,0xff,0xff,0xff,0xff], // U+2583
    [0x00,0x00,0x00,0x00,0x00,0x00,0x00,0x00,0xff,0xff,0xff,0xff,0xff,0xff,0xff,0xff], // U+2584
    [0x00,0x00,0x00,0x00,0x00,0x00,0xff,0xff,0xff,0xff,0xff,0xff,0xff,0xff,0xff,0xff], // U+2585
    [0x00,0x00,0x00,0x00,0xff,0xff,0xff,0xff,0xff,0xff,0xff,0xff,0xff,0xff,0xff,0xff], // U+2586
    [0x00,0x00,0xff,0xff,0xff,0xff,0xff,0xff,0xff,0xff,0xff,0xff,0xff,0xff,0xff,0xff], // U+2587
    [0xff,0xff,0xff,0xff,0xff,0xff,0xff,0xff,0xff,0xff,0xff,0xff,0xff,0xff,0xff,0xff], // U+2588
    [0xfe,0xfe,0xfe,0xfe,0xfe,0xfe,0xfe,0xfe,0xfe,0xfe,0xfe,0xfe,0xfe,0xfe,0xfe,0xfe], // U+2589
    [0xfc,0xfc,0xfc,0xfc,0xfc,0xfc,0xfc,0xfc,0xfc,0xfc,0xfc,0xfc,0xfc,0xfc,0xfc,0xfc], // U+258A
    [0xf8,0xf8,0xf8,0xf8,0xf8,0xf8,0xf8,0xf8,0xf8,0xf8,0xf8,0xf8,0xf8,0xf8,0xf8,0xf8], // U+258B
    [0xf0,0xf0,0xf0,0xf0,0xf0,0xf0,0xf0,0xf0,0xf0,0xf0,0xf0,0xf0,0xf0,0xf0,0xf0,0xf0], // U+258C
    [0xe0,0xe0,0xe0,0xe0,0xe0,0xe0,0xe0,0xe0,0xe0,0xe0,0xe0,0xe0,0xe0,0xe0,0xe0,0xe0], // U+258D
    [0xc0,0xc0,0xc0,0xc0,0xc0,0xc0,0xc0,0xc0,0xc0,0xc0,0xc0,0xc0,0xc0,0xc0,0xc0,0xc0], // U+258E
    [0x80,0x80,0x80,0x80,0x80,0x80,0x80,0x80,0x80,0x80,0x80,0x80,0x80,0x80,0x80,0x80], // U+258F
    [0x0f,0x0f,0x0f,0x0f,0x0f,0x0f,0x0f,0x0f,0x0f,0x0f,0x0f,0x0f,0x0f,0x0f,0x0f,0x0f], // U+2590
    [0x11,0x44,0x11,0x44,0x11,0x44,0x11,0x44,0x11,0x44,0x11,0x44,0x11,0x44,0x11,0x44], // U+2591
    [0x55,0xaa,0x55,0xaa,0x55,0xaa,0x55,0xaa,0x55,0xaa,0x55,0xaa,0x55,0xaa,0x55,0xaa], // U+2592
    [0xdd,0x77,0xdd,0x77,0xdd,0x77,0xdd,0x77,0xdd,0x77,0xdd,0x77,0xdd,0x77,0xdd,0x77], // U+2593
    [0xff,0xff,0x00,0x00,0x00,0x00,0x00,0x00,0x00,0x00,0x00,0x00,0x00,0x00,0x00,0x00], // U+2594
    [0x01,0x01,0x01,0x01,0x01,0x01,0x01,0x01,0x01,0x01,0x01,0x01,0x01,0x01,0x01,0x01], // U+2595
    [0x00,0x00,0x00,0x00,0x00,0x00,0x00,0x00,0xf0,0xf0,0xf0,0xf0,0xf0,0xf0,0xf0,0xf0], // U+2596
    [0x00,0x00,0x00,0x00,0x00,0x00,0x00,0x00,0x0f,0x0f,0x0f,0x0f,0x0f,0x0f,0x0f,0x0f], // U+2597
    [0xf0,0xf0,0xf0,0xf0,0xf0,0xf0,0xf0,0xf0,0x00,0x00,0x00,0x00,0x00,0x00,0x00,0x00], // U+2598
    [0xf0,0xf0,0xf0,0xf0,0xf0,0xf0,0xf0,0xf0,0xff,0xff,0xff,0xff,0xff,0xff,0xff,0xff], // U+2599
    [0xf0,0xf0,0xf0,0xf0,0xf0,0xf0,0xf0,0xf0,0x0f,0x0f,0x0f,0x0f,0x0f,0x0f,0x0f,0x0f], // U+259A
    [0xff,0xff,0xff,0xff,0xff,0xff,0xff,0xff,0xf0,0xf0,0xf0,0xf0,0xf0,0xf0,0xf0,0xf0], // U+259B
    [0xff,0xff,0xff,0xff,0xff,0xff,0xff,0xff,0x0f,0x0f,0x0f,0x0f,0x0f,0x0f,0x0f,0x0f], // U+259C
    [0x0f,0x0f,0x0f,0x0f,0x0f,0x0f,0x0f,0x0f,0x00,0x00,0x00,0x00,0x00,0x00,0x00,0x00], // U+259D
    [0x0f,0x0f,0x0f,0x0f,0x0f,0x0f,0x0f,0x0f,0xf0,0xf0,0xf0,0xf0,0xf0,0xf0,0xf0,0xf0], // U+259E
    [0x0f,0x0f,0x0f,0x0f,0x0f,0x0f,0x0f,0x0f,0xff,0xff,0xff,0xff,0xff,0xff,0xff,0xff], // U+259F
    [0x00,0x00,0x00,0x00,0x7c,0x7c,0x7c,0x7c,0x7c,0x7c,0x7c,0x00,0x00,0x00,0x00,0x00], // U+25A0
];

#[rustfmt::skip]
static R_25AC_25B2: [[u8; 16]; 7] = [
    [0x00,0x00,0x00,0x00,0x00,0x00,0x00,0x00,0xfe,0xfe,0xfe,0xfe,0x00,0x00,0x00,0x00], // U+25AC
    [0x00,0x00,0x00,0x00,0x00,0x00,0x00,0x00,0x00,0x00,0x00,0x00,0x00,0x00,0x00,0x00], // U+25AD
    [0x00,0x00,0x00,0x00,0x00,0x00,0x00,0x00,0x00,0x00,0x00,0x00,0x00,0x00,0x00,0x00], // U+25AE
    [0x00,0x00,0x00,0x00,0x00,0x00,0x00,0x00,0x00,0x00,0x00,0x00,0x00,0x00,0x00,0x00], // U+25AF
    [0x00,0x00,0x00,0x00,0x00,0x00,0x00,0x00,0x00,0x00,0x00,0x00,0x00,0x00,0x00,0x00], // U+25B0
    [0x00,0x00,0x00,0x00,0x00,0x00,0x00,0x00,0x00,0x00,0x00,0x00,0x00,0x00,0x00,0x00], // U+25B1
    [0x00,0x00,0x00,0x00,0x00,0x10,0x38,0x38,0x7c,0x7c,0xfe,0xfe,0x00,0x00,0x00,0x00], // U+25B2
];

#[rustfmt::skip]
static R_25BC_25BC: [[u8; 16]; 1] = [
    [0x00,0x00,0x00,0x00,0x00,0xfe,0xfe,0x7c,0x7c,0x38,0x38,0x10,0x00,0x00,0x00,0x00], // U+25BC
];

#[rustfmt::skip]
static R_25C6_25E5: [[u8; 16]; 32] = [
    [0x00,0x00,0x00,0x00,0x10,0x38,0x7c,0xfe,0x7c,0x38,0x10,0x00,0x00,0x00,0x00,0x00], // U+25C6
    [0x00,0x00,0x00,0x00,0x00,0x00,0x00,0x00,0x00,0x00,0x00,0x00,0x00,0x00,0x00,0x00], // U+25C7
    [0x00,0x00,0x00,0x00,0x00,0x00,0x00,0x00,0x00,0x00,0x00,0x00,0x00,0x00,0x00,0x00], // U+25C8
    [0x00,0x00,0x00,0x00,0x00,0x00,0x00,0x00,0x00,0x00,0x00,0x00,0x00,0x00,0x00,0x00], // U+25C9
    [0x00,0x00,0x00,0x00,0x10,0x38,0x6c,0xc6,0x6c,0x38,0x10,0x00,0x00,0x00,0x00,0x00], // U+25CA
    [0x00,0x00,0x00,0x00,0x00,0x3c,0x66,0x66,0x66,0x66,0x3c,0x00,0x00,0x00,0x00,0x00], // U+25CB
    [0x00,0x00,0x00,0x00,0x00,0x00,0x00,0x00,0x00,0x00,0x00,0x00,0x00,0x00,0x00,0x00], // U+25CC
    [0x00,0x00,0x00,0x00,0x00,0x00,0x00,0x00,0x00,0x00,0x00,0x00,0x00,0x00,0x00,0x00], // U+25CD
    [0x00,0x00,0x00,0x00,0x00,0x00,0x00,0x00,0x00,0x00,0x00,0x00,0x00,0x00,0x00,0x00], // U+25CE
    [0x00,0x00,0x00,0x00,0x00,0x3c,0x7e,0x7e,0x7e,0x7e,0x3c,0x00,0x00,0x00,0x00,0x00], // U+25CF
    [0x00,0x00,0x00,0x00,0x00,0x00,0x00,0x00,0x00,0x00,0x00,0x00,0x00,0x00,0x00,0x00], // U+25D0
    [0x00,0x00,0x00,0x00,0x00,0x00,0x00,0x00,0x00,0x00,0x00,0x00,0x00,0x00,0x00,0x00], // U+25D1
    [0x00,0x00,0x00,0x00,0x00,0x00,0x00,0x00,0x00,0x00,0x00,0x00,0x00,0x00,0x00,0x00], // U+25D2
    [0x00,0x00,0x00,0x00,0x00,0x00,0x00,0x00,0x00,0x00,0x00,0x00,0x00,0x00,0x00,0x00], // U+25D3
    [0x00,0x00,0x00,0x00,0x00,0x00,0x00,0x00,0x00,0x00,0x00,0x00,0x00,0x00,0x00,0x00], // U+25D4
    [0x00,0x00,0x00,0x00,0x00,0x00,0x00,0x00,0x00,0x00,0x00,0x00,0x00,0x00,0x00,0x00], // U+25D5
    [0x00,0x00,0x00,0x00,0x00,0x00,0x00,0x00,0x00,0x00,0x00,0x00,0x00,0x00,0x00,0x00], // U+25D6
    [0x00,0x00,0x00,0x00,0x00,0x00,0x00,0x00,0x00,0x00,0x00,0x00,0x00,0x00,0x00,0x00], // U+25D7
    [0xff,0xff,0xff,0xff,0xff,0xff,0xe7,0xc3,0xc3,0xe7,0xff,0xff,0xff,0xff,0xff,0xff], // U+25D8
    [0xff,0xff,0xff,0xff,0xff,0xc3,0x99,0x99,0x99,0x99,0xc3,0xff,0xff,0xff,0xff,0xff], // U+25D9
    [0x00,0x00,0x00,0x00,0x00,0x00,0x00,0x00,0x00,0x00,0x00,0x00,0x00,0x00,0x00,0x00], // U+25DA
    [0x00,0x00,0x00,0x00,0x00,0x00,0x00,0x00,0x00,0x00,0x00,0x00,0x00,0x00,0x00,0x00], // U+25DB
    [0x00,0x00,0x00,0x00,0x00,0x00,0x00,0x00,0x00,0x00,0x00,0x00,0x00,0x00,0x00,0x00], // U+25DC
    [0x00,0x00,0x00,0x00,0x00,0x00,0x00,0x00,0x00,0x00,0x00,0x00,0x00,0x00,0x00,0x00], // U+25DD
    [0x00,0x00,0x00,0x00,0x00,0x00,0x00,0x00,0x00,0x00,0x00,0x00,0x00,0x00,0x00,0x00], // U+25DE
    [0x00,0x00,0x00,0x00,0x00,0x00,0x00,0x00,0x00,0x00,0x00,0x00,0x00,0x00,0x00,0x00], // U+25DF
    [0x00,0x00,0x00,0x00,0x00,0x00,0x00,0x00,0x00,0x00,0x00,0x00,0x00,0x00,0x00,0x00], // U+25E0
    [0x00,0x00,0x00,0x00,0x00,0x00,0x00,0x00,0x00,0x00,0x00,0x00,0x00,0x00,0x00,0x00], // U+25E1
    [0x00,0x00,0x00,0x00,0x00,0x00,0x00,0x00,0x80,0xc0,0xe0,0xf0,0xf8,0xfc,0xfe,0xff], // U+25E2
    [0x00,0x00,0x00,0x00,0x00,0x00,0x00,0x00,0x01,0x03,0x07,0x0f,0x1f,0x3f,0x7f,0xff], // U+25E3
    [0xff,0xfe,0xfc,0xf8,0xf0,0xe0,0xc0,0x80,0x00,0x00,0x00,0x00,0x00,0x00,0x00,0x00], // U+25E4
    [0xff,0x7f,0x3f,0x1f,0x0f,0x07,0x03,0x01,0x00,0x00,0x00,0x00,0x00,0x00,0x00,0x00], // U+25E5
];

#[rustfmt::skip]
static R_2630_2642: [[u8; 16]; 19] = [
    [0x00,0x00,0x00,0x00,0x7e,0x00,0x00,0x7e,0x00,0x00,0x7e,0x00,0x00,0x00,0x00,0x00], // U+2630
    [0x00,0x00,0x00,0x00,0x66,0x00,0x00,0x7e,0x00,0x00,0x7e,0x00,0x00,0x00,0x00,0x00], // U+2631
    [0x00,0x00,0x00,0x00,0x7e,0x00,0x00,0x66,0x00,0x00,0x7e,0x00,0x00,0x00,0x00,0x00], // U+2632
    [0x00,0x00,0x00,0x00,0x66,0x00,0x00,0x66,0x00,0x00,0x7e,0x00,0x00,0x00,0x00,0x00], // U+2633
    [0x00,0x00,0x00,0x00,0x7e,0x00,0x00,0x7e,0x00,0x00,0x66,0x00,0x00,0x00,0x00,0x00], // U+2634
    [0x00,0x00,0x00,0x00,0x66,0x00,0x00,0x7e,0x00,0x00,0x66,0x00,0x00,0x00,0x00,0x00], // U+2635
    [0x00,0x00,0x00,0x00,0x7e,0x00,0x00,0x66,0x00,0x00,0x66,0x00,0x00,0x00,0x00,0x00], // U+2636
    [0x00,0x00,0x00,0x00,0x66,0x00,0x00,0x66,0x00,0x00,0x66,0x00,0x00,0x00,0x00,0x00], // U+2637
    [0x00,0x00,0x00,0x00,0x00,0x00,0x00,0x00,0x00,0x00,0x00,0x00,0x00,0x00,0x00,0x00], // U+2638
    [0x00,0x00,0x00,0x00,0x00,0x00,0x00,0x00,0x00,0x00,0x00,0x00,0x00,0x00,0x00,0x00], // U+2639
    [0x00,0x00,0x7e,0x81,0xa5,0x81,0x81,0xa5,0x99,0x81,0x81,0x7e,0x00,0x00,0x00,0x00], // U+263A
    [0x00,0x00,0x7e,0xff,0xdb,0xff,0xff,0xdb,0xe7,0xff,0xff,0x7e,0x00,0x00,0x00,0x00], // U+263B
    [0x00,0x00,0x00,0x18,0x18,0xdb,0x3c,0xe7,0x3c,0xdb,0x18,0x18,0x00,0x00,0x00,0x00], // U+263C
    [0x00,0x00,0x00,0x00,0x00,0x00,0x00,0x00,0x00,0x00,0x00,0x00,0x00,0x00,0x00,0x00], // U+263D
    [0x00,0x00,0x00,0x00,0x00,0x00,0x00,0x00,0x00,0x00,0x00,0x00,0x00,0x00,0x00,0x00], // U+263E
    [0x00,0x00,0x00,0x00,0x00,0x00,0x00,0x00,0x00,0x00,0x00,0x00,0x00,0x00,0x00,0x00], // U+263F
    [0x00,0x00,0x3c,0x66,0x66,0x66,0x66,0x3c,0x18,0x3c,0x18,0x18,0x00,0x00,0x00,0x00], // U+2640
    [0x00,0x00,0x00,0x00,0x00,0x00,0x00,0x00,0x00,0x00,0x00,0x00,0x00,0x00,0x00,0x00], // U+2641
    [0x00,0x00,0x0f,0x07,0x0d,0x19,0x3c,0x66,0x66,0x66,0x66,0x3c,0x00,0x00,0x00,0x00], // U+2642
];

#[rustfmt::skip]
static R_2660_266B: [[u8; 16]; 12] = [
    [0x00,0x00,0x00,0x18,0x3c,0x7e,0xff,0xff,0x7e,0x18,0x18,0x3c,0x00,0x00,0x00,0x00], // U+2660
    [0x00,0x00,0x00,0x00,0x00,0x00,0x00,0x00,0x00,0x00,0x00,0x00,0x00,0x00,0x00,0x00], // U+2661
    [0x00,0x00,0x00,0x00,0x00,0x00,0x00,0x00,0x00,0x00,0x00,0x00,0x00,0x00,0x00,0x00], // U+2662
    [0x00,0x00,0x00,0x18,0x3c,0x3c,0xe7,0xe7,0xe7,0x18,0x18,0x3c,0x00,0x00,0x00,0x00], // U+2663
    [0x00,0x00,0x00,0x00,0x00,0x00,0x00,0x00,0x00,0x00,0x00,0x00,0x00,0x00,0x00,0x00], // U+2664
    [0x00,0x00,0x00,0x00,0x6c,0xfe,0xfe,0xfe,0x7c,0x38,0x10,0x00,0x00,0x00,0x00,0x00], // U+2665
    [0x00,0x00,0x00,0x00,0x10,0x38,0x7c,0xfe,0x7c,0x38,0x10,0x00,0x00,0x00,0x00,0x00], // U+2666
    [0x00,0x00,0x00,0x00,0x00,0x00,0x00,0x00,0x00,0x00,0x00,0x00,0x00,0x00,0x00,0x00], // U+2667
    [0x00,0x00,0x00,0x00,0x00,0x00,0x00,0x00,0x00,0x00,0x00,0x00,0x00,0x00,0x00,0x00], // U+2668
    [0x00,0x00,0x00,0x00,0x00,0x00,0x00,0x00,0x00,0x00,0x00,0x00,0x00,0x00,0x00,0x00], // U+2669
    [0x00,0x00,0x7e,0x66,0x7e,0x60,0x60,0x60,0x60,0x60,0xc0,0xc0,0x00,0x00,0x00,0x00], // U+266A
    [0x00,0x00,0x7e,0x66,0x7e,0x66,0x66,0x66,0x66,0x66,0x6e,0xcc,0xc0,0x00,0x00,0x00], // U+266B
];

#[rustfmt::skip]
static R_2800_28FF: [[u8; 16]; 256] = [
    [0x00,0x00,0x00,0x00,0x00,0x00,0x00,0x00,0x00,0x00,0x00,0x00,0x00,0x00,0x00,0x00], // U+2800
    [0x00,0x60,0x60,0x00,0x00,0x00,0x00,0x00,0x00,0x00,0x00,0x00,0x00,0x00,0x00,0x00], // U+2801
    [0x00,0x00,0x00,0x00,0x00,0x60,0x60,0x00,0x00,0x00,0x00,0x00,0x00,0x00,0x00,0x00], // U+2802
    [0x00,0x60,0x60,0x00,0x00,0x60,0x60,0x00,0x00,0x00,0x00,0x00,0x00,0x00,0x00,0x00], // U+2803
    [0x00,0x00,0x00,0x00,0x00,0x00,0x00,0x00,0x00,0x60,0x60,0x00,0x00,0x00,0x00,0x00], // U+2804
    [0x00,0x60,0x60,0x00,0x00,0x00,0x00,0x00,0x00,0x60,0x60,0x00,0x00,0x00,0x00,0x00], // U+2805
    [0x00,0x00,0x00,0x00,0x00,0x60,0x60,0x00,0x00,0x60,0x60,0x00,0x00,0x00,0x00,0x00], // U+2806
    [0x00,0x60,0x60,0x00,0x00,0x60,0x60,0x00,0x00,0x60,0x60,0x00,0x00,0x00,0x00,0x00], // U+2807
    [0x00,0x06,0x06,0x00,0x00,0x00,0x00,0x00,0x00,0x00,0x00,0x00,0x00,0x00,0x00,0x00], // U+2808
    [0x00,0x66,0x66,0x00,0x00,0x00,0x00,0x00,0x00,0x00,0x00,0x00,0x00,0x00,0x00,0x00], // U+2809
    [0x00,0x06,0x06,0x00,0x00,0x60,0x60,0x00,0x00,0x00,0x00,0x00,0x00,0x00,0x00,0x00], // U+280A
    [0x00,0x66,0x66,0x00,0x00,0x60,0x60,0x00,0x00,0x00,0x00,0x00,0x00,0x00,0x00,0x00], // U+280B
    [0x00,0x06,0x06,0x00,0x00,0x00,0x00,0x00,0x00,0x60,0x60,0x00,0x00,0x00,0x00,0x00], // U+280C
    [0x00,0x66,0x66,0x00,0x00,0x00,0x00,0x00,0x00,0x60,0x60,0x00,0x00,0x00,0x00,0x00], // U+280D
    [0x00,0x06,0x06,0x00,0x00,0x60,0x60,0x00,0x00,0x60,0x60,0x00,0x00,0x00,0x00,0x00], // U+280E
    [0x00,0x66,0x66,0x00,0x00,0x60,0x60,0x00,0x00,0x60,0x60,0x00,0x00,0x00,0x00,0x00], // U+280F
    [0x00,0x00,0x00,0x00,0x00,0x06,0x06,0x00,0x00,0x00,0x00,0x00,0x00,0x00,0x00,0x00], // U+2810
    [0x00,0x60,0x60,0x00,0x00,0x06,0x06,0x00,0x00,0x00,0x00,0x00,0x00,0x00,0x00,0x00], // U+2811
    [0x00,0x00,0x00,0x00,0x00,0x66,0x66,0x00,0x00,0x00,0x00,0x00,0x00,0x00,0x00,0x00], // U+2812
    [0x00,0x60,0x60,0x00,0x00,0x66,0x66,0x00,0x00,0x00,0x00,0x00,0x00,0x00,0x00,0x00], // U+2813
    [0x00,0x00,0x00,0x00,0x00,0x06,0x06,0x00,0x00,0x60,0x60,0x00,0x00,0x00,0x00,0x00], // U+2814
    [0x00,0x60,0x60,0x00,0x00,0x06,0x06,0x00,0x00,0x60,0x60,0x00,0x00,0x00,0x00,0x00], // U+2815
    [0x00,0x00,0x00,0x00,0x00,0x66,0x66,0x00,0x00,0x60,0x60,0x00,0x00,0x00,0x00,0x00], // U+2816
    [0x00,0x60,0x60,0x00,0x00,0x66,0x66,0x00,0x00,0x60,0x60,0x00,0x00,0x00,0x00,0x00], // U+2817
    [0x00,0x06,0x06,0x00,0x00,0x06,0x06,0x00,0x00,0x00,0x00,0x00,0x00,0x00,0x00,0x00], // U+2818
    [0x00,0x66,0x66,0x00,0x00,0x06,0x06,0x00,0x00,0x00,0x00,0x00,0x00,0x00,0x00,0x00], // U+2819
    [0x00,0x06,0x06,0x00,0x00,0x66,0x66,0x00,0x00,0x00,0x00,0x00,0x00,0x00,0x00,0x00], // U+281A
    [0x00,0x66,0x66,0x00,0x00,0x66,0x66,0x00,0x00,0x00,0x00,0x00,0x00,0x00,0x00,0x00], // U+281B
    [0x00,0x06,0x06,0x00,0x00,0x06,0x06,0x00,0x00,0x60,0x60,0x00,0x00,0x00,0x00,0x00], // U+281C
    [0x00,0x66,0x66,0x00,0x00,0x06,0x06,0x00,0x00,0x60,0x60,0x00,0x00,0x00,0x00,0x00], // U+281D
    [0x00,0x06,0x06,0x00,0x00,0x66,0x66,0x00,0x00,0x60,0x60,0x00,0x00,0x00,0x00,0x00], // U+281E
    [0x00,0x66,0x66,0x00,0x00,0x66,0x66,0x00,0x00,0x60,0x60,0x00,0x00,0x00,0x00,0x00], // U+281F
    [0x00,0x00,0x00,0x00,0x00,0x00,0x00,0x00,0x00,0x06,0x06,0x00,0x00,0x00,0x00,0x00], // U+2820
    [0x00,0x60,0x60,0x00,0x00,0x00,0x00,0x00,0x00,0x06,0x06,0x00,0x00,0x00,0x00,0x00], // U+2821
    [0x00,0x00,0x00,0x00,0x00,0x60,0x60,0x00,0x00,0x06,0x06,0x00,0x00,0x00,0x00,0x00], // U+2822
    [0x00,0x60,0x60,0x00,0x00,0x60,0x60,0x00,0x00,0x06,0x06,0x00,0x00,0x00,0x00,0x00], // U+2823
    [0x00,0x00,0x00,0x00,0x00,0x00,0x00,0x00,0x00,0x66,0x66,0x00,0x00,0x00,0x00,0x00], // U+2824
    [0x00,0x60,0x60,0x00,0x00,0x00,0x00,0x00,0x00,0x66,0x66,0x00,0x00,0x00,0x00,0x00], // U+2825
    [0x00,0x00,0x00,0x00,0x00,0x60,0x60,0x00,0x00,0x66,0x66,0x00,0x00,0x00,0x00,0x00], // U+2826
    [0x00,0x60,0x60,0x00,0x00,0x60,0x60,0x00,0x00,0x66,0x66,0x00,0x00,0x00,0x00,0x00], // U+2827
    [0x00,0x06,0x06,0x00,0x00,0x00,0x00,0x00,0x00,0x06,0x06,0x00,0x00,0x00,0x00,0x00], // U+2828
    [0x00,0x66,0x66,0x00,0x00,0x00,0x00,0x00,0x00,0x06,0x06,0x00,0x00,0x00,0x00,0x00], // U+2829
    [0x00,0x06,0x06,0x00,0x00,0x60,0x60,0x00,0x00,0x06,0x06,0x00,0x00,0x00,0x00,0x00], // U+282A
    [0x00,0x66,0x66,0x00,0x00,0x60,0x60,0x00,0x00,0x06,0x06,0x00,0x00,0x00,0x00,0x00], // U+282B
    [0x00,0x06,0x06,0x00,0x00,0x00,0x00,0x00,0x00,0x66,0x66,0x00,0x00,0x00,0x00,0x00], // U+282C
    [0x00,0x66,0x66,0x00,0x00,0x00,0x00,0x00,0x00,0x66,0x66,0x00,0x00,0x00,0x00,0x00], // U+282D
    [0x00,0x06,0x06,0x00,0x00,0x60,0x60,0x00,0x00,0x66,0x66,0x00,0x00,0x00,0x00,0x00], // U+282E
    [0x00,0x66,0x66,0x00,0x00,0x60,0x60,0x00,0x00,0x66,0x66,0x00,0x00,0x00,0x00,0x00], // U+282F
    [0x00,0x00,0x00,0x00,0x00,0x06,0x06,0x00,0x00,0x06,0x06,0x00,0x00,0x00,0x00,0x00], // U+2830
    [0x00,0x60,0x60,0x00,0x00,0x06,0x06,0x00,0x00,0x06,0x06,0x00,0x00,0x00,0x00,0x00], // U+2831
    [0x00,0x00,0x00,0x00,0x00,0x66,0x66,0x00,0x00,0x06,0x06,0x00,0x00,0x00,0x00,0x00], // U+2832
    [0x00,0x60,0x60,0x00,0x00,0x66,0x66,0x00,0x00,0x06,0x06,0x00,0x00,0x00,0x00,0x00], // U+2833
    [0x00,0x00,0x00,0x00,0x00,0x06,0x06,0x00,0x00,0x66,0x66,0x00,0x00,0x00,0x00,0x00], // U+2834
    [0x00,0x60,0x60,0x00,0x00,0x06,0x06,0x00,0x00,0x66,0x66,0x00,0x00,0x00,0x00,0x00], // U+2835
    [0x00,0x00,0x00,0x00,0x00,0x66,0x66,0x00,0x00,0x66,0x66,0x00,0x00,0x00,0x00,0x00], // U+2836
    [0x00,0x60,0x60,0x00,0x00,0x66,0x66,0x00,0x00,0x66,0x66,0x00,0x00,0x00,0x00,0x00], // U+2837
    [0x00,0x06,0x06,0x00,0x00,0x06,0x06,0x00,0x00,0x06,0x06,0x00,0x00,0x00,0x00,0x00], // U+2838
    [0x00,0x66,0x66,0x00,0x00,0x06,0x06,0x00,0x00,0x06,0x06,0x00,0x00,0x00,0x00,0x00], // U+2839
    [0x00,0x06,0x06,0x00,0x00,0x66,0x66,0x00,0x00,0x06,0x06,0x00,0x00,0x00,0x00,0x00], // U+283A
    [0x00,0x66,0x66,0x00,0x00,0x66,0x66,0x00,0x00,0x06,0x06,0x00,0x00,0x00,0x00,0x00], // U+283B
    [0x00,0x06,0x06,0x00,0x00,0x06,0x06,0x00,0x00,0x66,0x66,0x00,0x00,0x00,0x00,0x00], // U+283C
    [0x00,0x66,0x66,0x00,0x00,0x06,0x06,0x00,0x00,0x66,0x66,0x00,0x00,0x00,0x00,0x00], // U+283D
    [0x00,0x06,0x06,0x00,0x00,0x66,0x66,0x00,0x00,0x66,0x66,0x00,0x00,0x00,0x00,0x00], // U+283E
    [0x00,0x66,0x66,0x00,0x00,0x66,0x66,0x00,0x00,0x66,0x66,0x00,0x00,0x00,0x00,0x00], // U+283F
    [0x00,0x00,0x00,0x00,0x00,0x00,0x00,0x00,0x00,0x00,0x00,0x00,0x00,0x60,0x60,0x00], // U+2840
    [0x00,0x60,0x60,0x00,0x00,0x00,0x00,0x00,0x00,0x00,0x00,0x00,0x00,0x60,0x60,0x00], // U+2841
    [0x00,0x00,0x00,0x00,0x00,0x60,0x60,0x00,0x00,0x00,0x00,0x00,0x00,0x60,0x60,0x00], // U+2842
    [0x00,0x60,0x60,0x00,0x00,0x60,0x60,0x00,0x00,0x00,0x00,0x00,0x00,0x60,0x60,0x00], // U+2843
    [0x00,0x00,0x00,0x00,0x00,0x00,0x00,0x00,0x00,0x60,0x60,0x00,0x00,0x60,0x60,0x00], // U+2844
    [0x00,0x60,0x60,0x00,0x00,0x00,0x00,0x00,0x00,0x60,0x60,0x00,0x00,0x60,0x60,0x00], // U+2845
    [0x00,0x00,0x00,0x00,0x00,0x60,0x60,0x00,0x00,0x60,0x60,0x00,0x00,0x60,0x60,0x00], // U+2846
    [0x00,0x60,0x60,0x00,0x00,0x60,0x60,0x00,0x00,0x60,0x60,0x00,0x00,0x60,0x60,0x00], // U+2847
    [0x00,0x06,0x06,0x00,0x00,0x00,0x00,0x00,0x00,0x00,0x00,0x00,0x00,0x60,0x60,0x00], // U+2848
    [0x00,0x66,0x66,0x00,0x00,0x00,0x00,0x00,0x00,0x00,0x00,0x00,0x00,0x60,0x60,0x00], // U+2849
    [0x00,0x06,0x06,0x00,0x00,0x60,0x60,0x00,0x00,0x00,0x00,0x00,0x00,0x60,0x60,0x00], // U+284A
    [0x00,0x66,0x66,0x00,0x00,0x60,0x60,0x00,0x00,0x00,0x00,0x00,0x00,0x60,0x60,0x00], // U+284B
    [0x00,0x06,0x06,0x00,0x00,0x00,0x00,0x00,0x00,0x60,0x60,0x00,0x00,0x60,0x60,0x00], // U+284C
    [0x00,0x66,0x66,0x00,0x00,0x00,0x00,0x00,0x00,0x60,0x60,0x00,0x00,0x60,0x60,0x00], // U+284D
    [0x00,0x06,0x06,0x00,0x00,0x60,0x60,0x00,0x00,0x60,0x60,0x00,0x00,0x60,0x60,0x00], // U+284E
    [0x00,0x66,0x66,0x00,0x00,0x60,0x60,0x00,0x00,0x60,0x60,0x00,0x00,0x60,0x60,0x00], // U+284F
    [0x00,0x00,0x00,0x00,0x00,0x06,0x06,0x00,0x00,0x00,0x00,0x00,0x00,0x60,0x60,0x00], // U+2850
    [0x00,0x60,0x60,0x00,0x00,0x06,0x06,0x00,0x00,0x00,0x00,0x00,0x00,0x60,0x60,0x00], // U+2851
    [0x00,0x00,0x00,0x00,0x00,0x66,0x66,0x00,0x00,0x00,0x00,0x00,0x00,0x60,0x60,0x00], // U+2852
    [0x00,0x60,0x60,0x00,0x00,0x66,0x66,0x00,0x00,0x00,0x00,0x00,0x00,0x60,0x60,0x00], // U+2853
    [0x00,0x00,0x00,0x00,0x00,0x06,0x06,0x00,0x00,0x60,0x60,0x00,0x00,0x60,0x60,0x00], // U+2854
    [0x00,0x60,0x60,0x00,0x00,0x06,0x06,0x00,0x00,0x60,0x60,0x00,0x00,0x60,0x60,0x00], // U+2855
    [0x00,0x00,0x00,0x00,0x00,0x66,0x66,0x00,0x00,0x60,0x60,0x00,0x00,0x60,0x60,0x00], // U+2856
    [0x00,0x60,0x60,0x00,0x00,0x66,0x66,0x00,0x00,0x60,0x60,0x00,0x00,0x60,0x60,0x00], // U+2857
    [0x00,0x06,0x06,0x00,0x00,0x06,0x06,0x00,0x00,0x00,0x00,0x00,0x00,0x60,0x60,0x00], // U+2858
    [0x00,0x66,0x66,0x00,0x00,0x06,0x06,0x00,0x00,0x00,0x00,0x00,0x00,0x60,0x60,0x00], // U+2859
    [0x00,0x06,0x06,0x00,0x00,0x66,0x66,0x00,0x00,0x00,0x00,0x00,0x00,0x60,0x60,0x00], // U+285A
    [0x00,0x66,0x66,0x00,0x00,0x66,0x66,0x00,0x00,0x00,0x00,0x00,0x00,0x60,0x60,0x00], // U+285B
    [0x00,0x06,0x06,0x00,0x00,0x06,0x06,0x00,0x00,0x60,0x60,0x00,0x00,0x60,0x60,0x00], // U+285C
    [0x00,0x66,0x66,0x00,0x00,0x06,0x06,0x00,0x00,0x60,0x60,0x00,0x00,0x60,0x60,0x00], // U+285D
    [0x00,0x06,0x06,0x00,0x00,0x66,0x66,0x00,0x00,0x60,0x60,0x00,0x00,0x60,0x60,0x00], // U+285E
    [0x00,0x66,0x66,0x00,0x00,0x66,0x66,0x00,0x00,0x60,0x60,0x00,0x00,0x60,0x60,0x00], // U+285F
    [0x00,0x00,0x00,0x00,0x00,0x00,0x00,0x00,0x00,0x06,0x06,0x00,0x00,0x60,0x60,0x00], // U+2860
    [0x00,0x60,0x60,0x00,0x00,0x00,0x00,0x00,0x00,0x06,0x06,0x00,0x00,0x60,0x60,0x00], // U+2861
    [0x00,0x00,0x00,0x00,0x00,0x60,0x60,0x00,0x00,0x06,0x06,0x00,0x00,0x60,0x60,0x00], // U+2862
    [0x00,0x60,0x60,0x00,0x00,0x60,0x60,0x00,0x00,0x06,0x06,0x00,0x00,0x60,0x60,0x00], // U+2863
    [0x00,0x00,0x00,0x00,0x00,0x00,0x00,0x00,0x00,0x66,0x66,0x00,0x00,0x60,0x60,0x00], // U+2864
    [0x00,0x60,0x60,0x00,0x00,0x00,0x00,0x00,0x00,0x66,0x66,0x00,0x00,0x60,0x60,0x00], // U+2865
    [0x00,0x00,0x00,0x00,0x00,0x60,0x60,0x00,0x00,0x66,0x66,0x00,0x00,0x60,0x60,0x00], // U+2866
    [0x00,0x60,0x60,0x00,0x00,0x60,0x60,0x00,0x00,0x66,0x66,0x00,0x00,0x60,0x60,0x00], // U+2867
    [0x00,0x06,0x06,0x00,0x00,0x00,0x00,0x00,0x00,0x06,0x06,0x00,0x00,0x60,0x60,0x00], // U+2868
    [0x00,0x66,0x66,0x00,0x00,0x00,0x00,0x00,0x00,0x06,0x06,0x00,0x00,0x60,0x60,0x00], // U+2869
    [0x00,0x06,0x06,0x00,0x00,0x60,0x60,0x00,0x00,0x06,0x06,0x00,0x00,0x60,0x60,0x00], // U+286A
    [0x00,0x66,0x66,0x00,0x00,0x60,0x60,0x00,0x00,0x06,0x06,0x00,0x00,0x60,0x60,0x00], // U+286B
    [0x00,0x06,0x06,0x00,0x00,0x00,0x00,0x00,0x00,0x66,0x66,0x00,0x00,0x60,0x60,0x00], // U+286C
    [0x00,0x66,0x66,0x00,0x00,0x00,0x00,0x00,0x00,0x66,0x66,0x00,0x00,0x60,0x60,0x00], // U+286D
    [0x00,0x06,0x06,0x00,0x00,0x60,0x60,0x00,0x00,0x66,0x66,0x00,0x00,0x60,0x60,0x00], // U+286E
    [0x00,0x66,0x66,0x00,0x00,0x60,0x60,0x00,0x00,0x66,0x66,0x00,0x00,0x60,0x60,0x00], // U+286F
    [0x00,0x00,0x00,0x00,0x00,0x06,0x06,0x00,0x00,0x06,0x06,0x00,0x00,0x60,0x60,0x00], // U+2870
    [0x00,0x60,0x60,0x00,0x00,0x06,0x06,0x00,0x00,0x06,0x06,0x00,0x00,0x60,0x60,0x00], // U+2871
    [0x00,0x00,0x00,0x00,0x00,0x66,0x66,0x00,0x00,0x06,0x06,0x00,0x00,0x60,0x60,0x00], // U+2872
    [0x00,0x60,0x60,0x00,0x00,0x66,0x66,0x00,0x00,0x06,0x06,0x00,0x00,0x60,0x60,0x00], // U+2873
    [0x00,0x00,0x00,0x00,0x00,0x06,0x06,0x00,0x00,0x66,0x66,0x00,0x00,0x60,0x60,0x00], // U+2874
    [0x00,0x60,0x60,0x00,0x00,0x06,0x06,0x00,0x00,0x66,0x66,0x00,0x00,0x60,0x60,0x00], // U+2875
    [0x00,0x00,0x00,0x00,0x00,0x66,0x66,0x00,0x00,0x66,0x66,0x00,0x00,0x60,0x60,0x00], // U+2876
    [0x00,0x60,0x60,0x00,0x00,0x66,0x66,0x00,0x00,0x66,0x66,0x00,0x00,0x60,0x60,0x00], // U+2877
    [0x00,0x06,0x06,0x00,0x00,0x06,0x06,0x00,0x00,0x06,0x06,0x00,0x00,0x60,0x60,0x00], // U+2878
    [0x00,0x66,0x66,0x00,0x00,0x06,0x06,0x00,0x00,0x06,0x06,0x00,0x00,0x60,0x60,0x00], // U+2879
    [0x00,0x06,0x06,0x00,0x00,0x66,0x66,0x00,0x00,0x06,0x06,0x00,0x00,0x60,0x60,0x00], // U+287A
    [0x00,0x66,0x66,0x00,0x00,0x66,0x66,0x00,0x00,0x06,0x06,0x00,0x00,0x60,0x60,0x00], // U+287B
    [0x00,0x06,0x06,0x00,0x00,0x06,0x06,0x00,0x00,0x66,0x66,0x00,0x00,0x60,0x60,0x00], // U+287C
    [0x00,0x66,0x66,0x00,0x00,0x06,0x06,0x00,0x00,0x66,0x66,0x00,0x00,0x60,0x60,0x00], // U+287D
    [0x00,0x06,0x06,0x00,0x00,0x66,0x66,0x00,0x00,0x66,0x66,0x00,0x00,0x60,0x60,0x00], // U+287E
    [0x00,0x66,0x66,0x00,0x00,0x66,0x66,0x00,0x00,0x66,0x66,0x00,0x00,0x60,0x60,0x00], // U+287F
    [0x00,0x00,0x00,0x00,0x00,0x00,0x00,0x00,0x00,0x00,0x00,0x00,0x00,0x06,0x06,0x00], // U+2880
    [0x00,0x60,0x60,0x00,0x00,0x00,0x00,0x00,0x00,0x00,0x00,0x00,0x00,0x06,0x06,0x00], // U+2881
    [0x00,0x00,0x00,0x00,0x00,0x60,0x60,0x00,0x00,0x00,0x00,0x00,0x00,0x06,0x06,0x00], // U+2882
    [0x00,0x60,0x60,0x00,0x00,0x60,0x60,0x00,0x00,0x00,0x00,0x00,0x00,0x06,0x06,0x00], // U+2883
    [0x00,0x00,0x00,0x00,0x00,0x00,0x00,0x00,0x00,0x60,0x60,0x00,0x00,0x06,0x06,0x00], // U+2884
    [0x00,0x60,0x60,0x00,0x00,0x00,0x00,0x00,0x00,0x60,0x60,0x00,0x00,0x06,0x06,0x00], // U+2885
    [0x00,0x00,0x00,0x00,0x00,0x60,0x60,0x00,0x00,0x60,0x60,0x00,0x00,0x06,0x06,0x00], // U+2886
    [0x00,0x60,0x60,0x00,0x00,0x60,0x60,0x00,0x00,0x60,0x60,0x00,0x00,0x06,0x06,0x00], // U+2887
    [0x00,0x06,0x06,0x00,0x00,0x00,0x00,0x00,0x00,0x00,0x00,0x00,0x00,0x06,0x06,0x00], // U+2888
    [0x00,0x66,0x66,0x00,0x00,0x00,0x00,0x00,0x00,0x00,0x00,0x00,0x00,0x06,0x06,0x00], // U+2889
    [0x00,0x06,0x06,0x00,0x00,0x60,0x60,0x00,0x00,0x00,0x00,0x00,0x00,0x06,0x06,0x00], // U+288A
    [0x00,0x66,0x66,0x00,0x00,0x60,0x60,0x00,0x00,0x00,0x00,0x00,0x00,0x06,0x06,0x00], // U+288B
    [0x00,0x06,0x06,0x00,0x00,0x00,0x00,0x00,0x00,0x60,0x60,0x00,0x00,0x06,0x06,0x00], // U+288C
    [0x00,0x66,0x66,0x00,0x00,0x00,0x00,0x00,0x00,0x60,0x60,0x00,0x00,0x06,0x06,0x00], // U+288D
    [0x00,0x06,0x06,0x00,0x00,0x60,0x60,0x00,0x00,0x60,0x60,0x00,0x00,0x06,0x06,0x00], // U+288E
    [0x00,0x66,0x66,0x00,0x00,0x60,0x60,0x00,0x00,0x60,0x60,0x00,0x00,0x06,0x06,0x00], // U+288F
    [0x00,0x00,0x00,0x00,0x00,0x06,0x06,0x00,0x00,0x00,0x00,0x00,0x00,0x06,0x06,0x00], // U+2890
    [0x00,0x60,0x60,0x00,0x00,0x06,0x06,0x00,0x00,0x00,0x00,0x00,0x00,0x06,0x06,0x00], // U+2891
    [0x00,0x00,0x00,0x00,0x00,0x66,0x66,0x00,0x00,0x00,0x00,0x00,0x00,0x06,0x06,0x00], // U+2892
    [0x00,0x60,0x60,0x00,0x00,0x66,0x66,0x00,0x00,0x00,0x00,0x00,0x00,0x06,0x06,0x00], // U+2893
    [0x00,0x00,0x00,0x00,0x00,0x06,0x06,0x00,0x00,0x60,0x60,0x00,0x00,0x06,0x06,0x00], // U+2894
    [0x00,0x60,0x60,0x00,0x00,0x06,0x06,0x00,0x00,0x60,0x60,0x00,0x00,0x06,0x06,0x00], // U+2895
    [0x00,0x00,0x00,0x00,0x00,0x66,0x66,0x00,0x00,0x60,0x60,0x00,0x00,0x06,0x06,0x00], // U+2896
    [0x00,0x60,0x60,0x00,0x00,0x66,0x66,0x00,0x00,0x60,0x60,0x00,0x00,0x06,0x06,0x00], // U+2897
    [0x00,0x06,0x06,0x00,0x00,0x06,0x06,0x00,0x00,0x00,0x00,0x00,0x00,0x06,0x06,0x00], // U+2898
    [0x00,0x66,0x66,0x00,0x00,0x06,0x06,0x00,0x00,0x00,0x00,0x00,0x00,0x06,0x06,0x00], // U+2899
    [0x00,0x06,0x06,0x00,0x00,0x66,0x66,0x00,0x00,0x00,0x00,0x00,0x00,0x06,0x06,0x00], // U+289A
    [0x00,0x66,0x66,0x00,0x00,0x66,0x66,0x00,0x00,0x00,0x00,0x00,0x00,0x06,0x06,0x00], // U+289B
    [0x00,0x06,0x06,0x00,0x00,0x06,0x06,0x00,0x00,0x60,0x60,0x00,0x00,0x06,0x06,0x00], // U+289C
    [0x00,0x66,0x66,0x00,0x00,0x06,0x06,0x00,0x00,0x60,0x60,0x00,0x00,0x06,0x06,0x00], // U+289D
    [0x00,0x06,0x06,0x00,0x00,0x66,0x66,0x00,0x00,0x60,0x60,0x00,0x00,0x06,0x06,0x00], // U+289E
    [0x00,0x66,0x66,0x00,0x00,0x66,0x66,0x00,0x00,0x60,0x60,0x00,0x00,0x06,0x06,0x00], // U+289F
    [0x00,0x00,0x00,0x00,0x00,0x00,0x00,0x00,0x00,0x06,0x06,0x00,0x00,0x06,0x06,0x00], // U+28A0
    [0x00,0x60,0x60,0x00,0x00,0x00,0x00,0x00,0x00,0x06,0x06,0x00,0x00,0x06,0x06,0x00], // U+28A1
    [0x00,0x00,0x00,0x00,0x00,0x60,0x60,0x00,0x00,0x06,0x06,0x00,0x00,0x06,0x06,0x00], // U+28A2
    [0x00,0x60,0x60,0x00,0x00,0x60,0x60,0x00,0x00,0x06,0x06,0x00,0x00,0x06,0x06,0x00], // U+28A3
    [0x00,0x00,0x00,0x00,0x00,0x00,0x00,0x00,0x00,0x66,0x66,0x00,0x00,0x06,0x06,0x00], // U+28A4
    [0x00,0x60,0x60,0x00,0x00,0x00,0x00,0x00,0x00,0x66,0x66,0x00,0x00,0x06,0x06,0x00], // U+28A5
    [0x00,0x00,0x00,0x00,0x00,0x60,0x60,0x00,0x00,0x66,0x66,0x00,0x00,0x06,0x06,0x00], // U+28A6
    [0x00,0x60,0x60,0x00,0x00,0x60,0x60,0x00,0x00,0x66,0x66,0x00,0x00,0x06,0x06,0x00], // U+28A7
    [0x00,0x06,0x06,0x00,0x00,0x00,0x00,0x00,0x00,0x06,0x06,0x00,0x00,0x06,0x06,0x00], // U+28A8
    [0x00,0x66,0x66,0x00,0x00,0x00,0x00,0x00,0x00,0x06,0x06,0x00,0x00,0x06,0x06,0x00], // U+28A9
    [0x00,0x06,0x06,0x00,0x00,0x60,0x60,0x00,0x00,0x06,0x06,0x00,0x00,0x06,0x06,0x00], // U+28AA
    [0x00,0x66,0x66,0x00,0x00,0x60,0x60,0x00,0x00,0x06,0x06,0x00,0x00,0x06,0x06,0x00], // U+28AB
    [0x00,0x06,0x06,0x00,0x00,0x00,0x00,0x00,0x00,0x66,0x66,0x00,0x00,0x06,0x06,0x00], // U+28AC
    [0x00,0x66,0x66,0x00,0x00,0x00,0x00,0x00,0x00,0x66,0x66,0x00,0x00,0x06,0x06,0x00], // U+28AD
    [0x00,0x06,0x06,0x00,0x00,0x60,0x60,0x00,0x00,0x66,0x66,0x00,0x00,0x06,0x06,0x00], // U+28AE
    [0x00,0x66,0x66,0x00,0x00,0x60,0x60,0x00,0x00,0x66,0x66,0x00,0x00,0x06,0x06,0x00], // U+28AF
    [0x00,0x00,0x00,0x00,0x00,0x06,0x06,0x00,0x00,0x06,0x06,0x00,0x00,0x06,0x06,0x00], // U+28B0
    [0x00,0x60,0x60,0x00,0x00,0x06,0x06,0x00,0x00,0x06,0x06,0x00,0x00,0x06,0x06,0x00], // U+28B1
    [0x00,0x00,0x00,0x00,0x00,0x66,0x66,0x00,0x00,0x06,0x06,0x00,0x00,0x06,0x06,0x00], // U+28B2
    [0x00,0x60,0x60,0x00,0x00,0x66,0x66,0x00,0x00,0x06,0x06,0x00,0x00,0x06,0x06,0x00], // U+28B3
    [0x00,0x00,0x00,0x00,0x00,0x06,0x06,0x00,0x00,0x66,0x66,0x00,0x00,0x06,0x06,0x00], // U+28B4
    [0x00,0x60,0x60,0x00,0x00,0x06,0x06,0x00,0x00,0x66,0x66,0x00,0x00,0x06,0x06,0x00], // U+28B5
    [0x00,0x00,0x00,0x00,0x00,0x66,0x66,0x00,0x00,0x66,0x66,0x00,0x00,0x06,0x06,0x00], // U+28B6
    [0x00,0x60,0x60,0x00,0x00,0x66,0x66,0x00,0x00,0x66,0x66,0x00,0x00,0x06,0x06,0x00], // U+28B7
    [0x00,0x06,0x06,0x00,0x00,0x06,0x06,0x00,0x00,0x06,0x06,0x00,0x00,0x06,0x06,0x00], // U+28B8
    [0x00,0x66,0x66,0x00,0x00,0x06,0x06,0x00,0x00,0x06,0x06,0x00,0x00,0x06,0x06,0x00], // U+28B9
    [0x00,0x06,0x06,0x00,0x00,0x66,0x66,0x00,0x00,0x06,0x06,0x00,0x00,0x06,0x06,0x00], // U+28BA
    [0x00,0x66,0x66,0x00,0x00,0x66,0x66,0x00,0x00,0x06,0x06,0x00,0x00,0x06,0x06,0x00], // U+28BB
    [0x00,0x06,0x06,0x00,0x00,0x06,0x06,0x00,0x00,0x66,0x66,0x00,0x00,0x06,0x06,0x00], // U+28BC
    [0x00,0x66,0x66,0x00,0x00,0x06,0x06,0x00,0x00,0x66,0x66,0x00,0x00,0x06,0x06,0x00], // U+28BD
    [0x00,0x06,0x06,0x00,0x00,0x66,0x66,0x00,0x00,0x66,0x66,0x00,0x00,0x06,0x06,0x00], // U+28BE
    [0x00,0x66,0x66,0x00,0x00,0x66,0x66,0x00,0x00,0x66,0x66,0x00,0x00,0x06,0x06,0x00], // U+28BF
    [0x00,0x00,0x00,0x00,0x00,0x00,0x00,0x00,0x00,0x00,0x00,0x00,0x00,0x66,0x66,0x00], // U+28C0
    [0x00,0x60,0x60,0x00,0x00,0x00,0x00,0x00,0x00,0x00,0x00,0x00,0x00,0x66,0x66,0x00], // U+28C1
    [0x00,0x00,0x00,0x00,0x00,0x60,0x60,0x00,0x00,0x00,0x00,0x00,0x00,0x66,0x66,0x00], // U+28C2
    [0x00,0x60,0x60,0x00,0x00,0x60,0x60,0x00,0x00,0x00,0x00,0x00,0x00,0x66,0x66,0x00], // U+28C3
    [0x00,0x00,0x00,0x00,0x00,0x00,0x00,0x00,0x00,0x60,0x60,0x00,0x00,0x66,0x66,0x00], // U+28C4
    [0x00,0x60,0x60,0x00,0x00,0x00,0x00,0x00,0x00,0x60,0x60,0x00,0x00,0x66,0x66,0x00], // U+28C5
    [0x00,0x00,0x00,0x00,0x00,0x60,0x60,0x00,0x00,0x60,0x60,0x00,0x00,0x66,0x66,0x00], // U+28C6
    [0x00,0x60,0x60,0x00,0x00,0x60,0x60,0x00,0x00,0x60,0x60,0x00,0x00,0x66,0x66,0x00], // U+28C7
    [0x00,0x06,0x06,0x00,0x00,0x00,0x00,0x00,0x00,0x00,0x00,0x00,0x00,0x66,0x66,0x00], // U+28C8
    [0x00,0x66,0x66,0x00,0x00,0x00,0x00,0x00,0x00,0x00,0x00,0x00,0x00,0x66,0x66,0x00], // U+28C9
    [0x00,0x06,0x06,0x00,0x00,0x60,0x60,0x00,0x00,0x00,0x00,0x00,0x00,0x66,0x66,0x00], // U+28CA
    [0x00,0x66,0x66,0x00,0x00,0x60,0x60,0x00,0x00,0x00,0x00,0x00,0x00,0x66,0x66,0x00], // U+28CB
    [0x00,0x06,0x06,0x00,0x00,0x00,0x00,0x00,0x00,0x60,0x60,0x00,0x00,0x66,0x66,0x00], // U+28CC
    [0x00,0x66,0x66,0x00,0x00,0x00,0x00,0x00,0x00,0x60,0x60,0x00,0x00,0x66,0x66,0x00], // U+28CD
    [0x00,0x06,0x06,0x00,0x00,0x60,0x60,0x00,0x00,0x60,0x60,0x00,0x00,0x66,0x66,0x00], // U+28CE
    [0x00,0x66,0x66,0x00,0x00,0x60,0x60,0x00,0x00,0x60,0x60,0x00,0x00,0x66,0x66,0x00], // U+28CF
    [0x00,0x00,0x00,0x00,0x00,0x06,0x06,0x00,0x00,0x00,0x00,0x00,0x00,0x66,0x66,0x00], // U+28D0
    [0x00,0x60,0x60,0x00,0x00,0x06,0x06,0x00,0x00,0x00,0x00,0x00,0x00,0x66,0x66,0x00], // U+28D1
    [0x00,0x00,0x00,0x00,0x00,0x66,0x66,0x00,0x00,0x00,0x00,0x00,0x00,0x66,0x66,0x00], // U+28D2
    [0x00,0x60,0x60,0x00,0x00,0x66,0x66,0x00,0x00,0x00,0x00,0x00,0x00,0x66,0x66,0x00], // U+28D3
    [0x00,0x00,0x00,0x00,0x00,0x06,0x06,0x00,0x00,0x60,0x60,0x00,0x00,0x66,0x66,0x00], // U+28D4
    [0x00,0x60,0x60,0x00,0x00,0x06,0x06,0x00,0x00,0x60,0x60,0x00,0x00,0x66,0x66,0x00], // U+28D5
    [0x00,0x00,0x00,0x00,0x00,0x66,0x66,0x00,0x00,0x60,0x60,0x00,0x00,0x66,0x66,0x00], // U+28D6
    [0x00,0x60,0x60,0x00,0x00,0x66,0x66,0x00,0x00,0x60,0x60,0x00,0x00,0x66,0x66,0x00], // U+28D7
    [0x00,0x06,0x06,0x00,0x00,0x06,0x06,0x00,0x00,0x00,0x00,0x00,0x00,0x66,0x66,0x00], // U+28D8
    [0x00,0x66,0x66,0x00,0x00,0x06,0x06,0x00,0x00,0x00,0x00,0x00,0x00,0x66,0x66,0x00], // U+28D9
    [0x00,0x06,0x06,0x00,0x00,0x66,0x66,0x00,0x00,0x00,0x00,0x00,0x00,0x66,0x66,0x00], // U+28DA
    [0x00,0x66,0x66,0x00,0x00,0x66,0x66,0x00,0x00,0x00,0x00,0x00,0x00,0x66,0x66,0x00], // U+28DB
    [0x00,0x06,0x06,0x00,0x00,0x06,0x06,0x00,0x00,0x60,0x60,0x00,0x00,0x66,0x66,0x00], // U+28DC
    [0x00,0x66,0x66,0x00,0x00,0x06,0x06,0x00,0x00,0x60,0x60,0x00,0x00,0x66,0x66,0x00], // U+28DD
    [0x00,0x06,0x06,0x00,0x00,0x66,0x66,0x00,0x00,0x60,0x60,0x00,0x00,0x66,0x66,0x00], // U+28DE
    [0x00,0x66,0x66,0x00,0x00,0x66,0x66,0x00,0x00,0x60,0x60,0x00,0x00,0x66,0x66,0x00], // U+28DF
    [0x00,0x00,0x00,0x00,0x00,0x00,0x00,0x00,0x00,0x06,0x06,0x00,0x00,0x66,0x66,0x00], // U+28E0
    [0x00,0x60,0x60,0x00,0x00,0x00,0x00,0x00,0x00,0x06,0x06,0x00,0x00,0x66,0x66,0x00], // U+28E1
    [0x00,0x00,0x00,0x00,0x00,0x60,0x60,0x00,0x00,0x06,0x06,0x00,0x00,0x66,0x66,0x00], // U+28E2
    [0x00,0x60,0x60,0x00,0x00,0x60,0x60,0x00,0x00,0x06,0x06,0x00,0x00,0x66,0x66,0x00], // U+28E3
    [0x00,0x00,0x00,0x00,0x00,0x00,0x00,0x00,0x00,0x66,0x66,0x00,0x00,0x66,0x66,0x00], // U+28E4
    [0x00,0x60,0x60,0x00,0x00,0x00,0x00,0x00,0x00,0x66,0x66,0x00,0x00,0x66,0x66,0x00], // U+28E5
    [0x00,0x00,0x00,0x00,0x00,0x60,0x60,0x00,0x00,0x66,0x66,0x00,0x00,0x66,0x66,0x00], // U+28E6
    [0x00,0x60,0x60,0x00,0x00,0x60,0x60,0x00,0x00,0x66,0x66,0x00,0x00,0x66,0x66,0x00], // U+28E7
    [0x00,0x06,0x06,0x00,0x00,0x00,0x00,0x00,0x00,0x06,0x06,0x00,0x00,0x66,0x66,0x00], // U+28E8
    [0x00,0x66,0x66,0x00,0x00,0x00,0x00,0x00,0x00,0x06,0x06,0x00,0x00,0x66,0x66,0x00], // U+28E9
    [0x00,0x06,0x06,0x00,0x00,0x60,0x60,0x00,0x00,0x06,0x06,0x00,0x00,0x66,0x66,0x00], // U+28EA
    [0x00,0x66,0x66,0x00,0x00,0x60,0x60,0x00,0x00,0x06,0x06,0x00,0x00,0x66,0x66,0x00], // U+28EB
    [0x00,0x06,0x06,0x00,0x00,0x00,0x00,0x00,0x00,0x66,0x66,0x00,0x00,0x66,0x66,0x00], // U+28EC
    [0x00,0x66,0x66,0x00,0x00,0x00,0x00,0x00,0x00,0x66,0x66,0x00,0x00,0x66,0x66,0x00], // U+28ED
    [0x00,0x06,0x06,0x00,0x00,0x60,0x60,0x00,0x00,0x66,0x66,0x00,0x00,0x66,0x66,0x00], // U+28EE
    [0x00,0x66,0x66,0x00,0x00,0x60,0x60,0x00,0x00,0x66,0x66,0x00,0x00,0x66,0x66,0x00], // U+28EF
    [0x00,0x00,0x00,0x00,0x00,0x06,0x06,0x00,0x00,0x06,0x06,0x00,0x00,0x66,0x66,0x00], // U+28F0
    [0x00,0x60,0x60,0x00,0x00,0x06,0x06,0x00,0x00,0x06,0x06,0x00,0x00,0x66,0x66,0x00], // U+28F1
    [0x00,0x00,0x00,0x00,0x00,0x66,0x66,0x00,0x00,0x06,0x06,0x00,0x00,0x66,0x66,0x00], // U+28F2
    [0x00,0x60,0x60,0x00,0x00,0x66,0x66,0x00,0x00,0x06,0x06,0x00,0x00,0x66,0x66,0x00], // U+28F3
    [0x00,0x00,0x00,0x00,0x00,0x06,0x06,0x00,0x00,0x66,0x66,0x00,0x00,0x66,0x66,0x00], // U+28F4
    [0x00,0x60,0x60,0x00,0x00,0x06,0x06,0x00,0x00,0x66,0x66,0x00,0x00,0x66,0x66,0x00], // U+28F5
    [0x00,0x00,0x00,0x00,0x00,0x66,0x66,0x00,0x00,0x66,0x66,0x00,0x00,0x66,0x66,0x00], // U+28F6
    [0x00,0x60,0x60,0x00,0x00,0x66,0x66,0x00,0x00,0x66,0x66,0x00,0x00,0x66,0x66,0x00], // U+28F7
    [0x00,0x06,0x06,0x00,0x00,0x06,0x06,0x00,0x00,0x06,0x06,0x00,0x00,0x66,0x66,0x00], // U+28F8
    [0x00,0x66,0x66,0x00,0x00,0x06,0x06,0x00,0x00,0x06,0x06,0x00,0x00,0x66,0x66,0x00], // U+28F9
    [0x00,0x06,0x06,0x00,0x00,0x66,0x66,0x00,0x00,0x06,0x06,0x00,0x00,0x66,0x66,0x00], // U+28FA
    [0x00,0x66,0x66,0x00,0x00,0x66,0x66,0x00,0x00,0x06,0x06,0x00,0x00,0x66,0x66,0x00], // U+28FB
    [0x00,0x06,0x06,0x00,0x00,0x06,0x06,0x00,0x00,0x66,0x66,0x00,0x00,0x66,0x66,0x00], // U+28FC
    [0x00,0x66,0x66,0x00,0x00,0x06,0x06,0x00,0x00,0x66,0x66,0x00,0x00,0x66,0x66,0x00], // U+28FD
    [0x00,0x06,0x06,0x00,0x00,0x66,0x66,0x00,0x00,0x66,0x66,0x00,0x00,0x66,0x66,0x00], // U+28FE
    [0x00,0x66,0x66,0x00,0x00,0x66,0x66,0x00,0x00,0x66,0x66,0x00,0x00,0x66,0x66,0x00], // U+28FF
];

#[rustfmt::skip]
static R_2B06_2B07: [[u8; 16]; 2] = [
    [0x00,0x00,0x18,0x3c,0x7e,0xff,0x3c,0x3c,0x3c,0x3c,0x3c,0x3c,0x00,0x00,0x00,0x00], // U+2B06
    [0x00,0x00,0x3c,0x3c,0x3c,0x3c,0x3c,0x3c,0xff,0x7e,0x3c,0x18,0x00,0x00,0x00,0x00], // U+2B07
];

#[rustfmt::skip]
static R_2B60_2B65: [[u8; 16]; 6] = [
    [0x00,0x00,0x00,0x00,0x00,0x20,0x60,0xfe,0x60,0x20,0x00,0x00,0x00,0x00,0x00,0x00], // U+2B60
    [0x00,0x00,0x18,0x3c,0x7e,0x18,0x18,0x18,0x18,0x18,0x18,0x18,0x00,0x00,0x00,0x00], // U+2B61
    [0x00,0x00,0x00,0x00,0x00,0x08,0x0c,0xfe,0x0c,0x08,0x00,0x00,0x00,0x00,0x00,0x00], // U+2B62
    [0x00,0x00,0x18,0x18,0x18,0x18,0x18,0x18,0x18,0x7e,0x3c,0x18,0x00,0x00,0x00,0x00], // U+2B63
    [0x00,0x00,0x00,0x00,0x00,0x28,0x6c,0xfe,0x6c,0x28,0x00,0x00,0x00,0x00,0x00,0x00], // U+2B64
    [0x00,0x00,0x18,0x3c,0x7e,0x18,0x18,0x18,0x18,0x7e,0x3c,0x18,0x00,0x00,0x00,0x00], // U+2B65
];

#[rustfmt::skip]
static R_E0A0_E0A2: [[u8; 16]; 3] = [
    [0x00,0x00,0xc0,0xcc,0xde,0xcc,0xcc,0xcc,0x98,0x30,0x60,0xc0,0xc0,0xc0,0x00,0x00], // U+E0A0
    [0x00,0x40,0x40,0x40,0x40,0x40,0x38,0x00,0x12,0x1a,0x1a,0x16,0x16,0x12,0x00,0x00], // U+E0A1
    [0x00,0x00,0x18,0x24,0x24,0x24,0x7e,0x7e,0x66,0x66,0x7e,0x7e,0x00,0x00,0x00,0x00], // U+E0A2
];

#[rustfmt::skip]
static R_E0B0_E0B3: [[u8; 16]; 4] = [
    [0x80,0xc0,0xe0,0xf0,0xf8,0xfc,0xfe,0xff,0xff,0xfe,0xfc,0xf8,0xf0,0xe0,0xc0,0x80], // U+E0B0
    [0x80,0xc0,0x60,0x30,0x18,0x0c,0x06,0x03,0x03,0x06,0x0c,0x18,0x30,0x60,0xc0,0x80], // U+E0B1
    [0x01,0x03,0x07,0x0f,0x1f,0x3f,0x7f,0xff,0xff,0x7f,0x3f,0x1f,0x0f,0x07,0x03,0x01], // U+E0B2
    [0x01,0x03,0x06,0x0c,0x18,0x30,0x60,0xc0,0xc0,0x60,0x30,0x18,0x0c,0x06,0x03,0x01], // U+E0B3
];

/// Sorted, non-overlapping `(start, end, bitmaps)` groups.
#[rustfmt::skip]
pub(super) static RANGES: [(u32, u32, &[[u8; 16]]); 35] = [
    (0x0020, 0x007F, &R_0020_007F),
    (0x00A0, 0x017F, &R_00A0_017F),
    (0x0192, 0x0192, &R_0192_0192),
    (0x01CD, 0x01D4, &R_01CD_01D4),
    (0x01E2, 0x022F, &R_01E2_022F),
    (0x02D8, 0x02DD, &R_02D8_02DD),
    (0x0306, 0x0308, &R_0306_0308),
    (0x0393, 0x0398, &R_0393_0398),
    (0x03A3, 0x03B5, &R_03A3_03B5),
    (0x03C0, 0x03C6, &R_03C0_03C6),
    (0x0401, 0x045E, &R_0401_045E),
    (0x0490, 0x0491, &R_0490_0491),
    (0x2016, 0x2026, &R_2016_2026),
    (0x2039, 0x203C, &R_2039_203C),
    (0x207F, 0x207F, &R_207F_207F),
    (0x20A7, 0x20AC, &R_20A7_20AC),
    (0x2190, 0x2195, &R_2190_2195),
    (0x21A8, 0x21A8, &R_21A8_21A8),
    (0x2219, 0x221E, &R_2219_221E),
    (0x2229, 0x222A, &R_2229_222A),
    (0x2248, 0x2248, &R_2248_2248),
    (0x2261, 0x2265, &R_2261_2265),
    (0x2302, 0x2302, &R_2302_2302),
    (0x2310, 0x2321, &R_2310_2321),
    (0x2500, 0x25A0, &R_2500_25A0),
    (0x25AC, 0x25B2, &R_25AC_25B2),
    (0x25BC, 0x25BC, &R_25BC_25BC),
    (0x25C6, 0x25E5, &R_25C6_25E5),
    (0x2630, 0x2642, &R_2630_2642),
    (0x2660, 0x266B, &R_2660_266B),
    (0x2800, 0x28FF, &R_2800_28FF),
    (0x2B06, 0x2B07, &R_2B06_2B07),
    (0x2B60, 0x2B65, &R_2B60_2B65),
    (0xE0A0, 0xE0A2, &R_E0A0_E0A2),
    (0xE0B0, 0xE0B3, &R_E0B0_E0B3),
];
